City,Device.Category,Users,New.Users,Sessions,Bounce.Rate,Pages...Session,Avg..Session.Duration,Goal.Conversion.Rate,Goal.Completions,Goal.Value,Date
Durham,desktop,93,71,118,47.46%,2.06,0:02:19,0.00%,0,$0.00 ,20180812
Durham,mobile,88,52,113,51.33%,2.11,0:02:28,0.00%,0,$0.00 ,20180812
Durham,tablet,49,26,63,42.86%,2.16,0:04:15,0.00%,0,$0.00 ,20180812
Charlotte,mobile,45,26,66,46.97%,2.58,0:04:09,0.00%,0,$0.00 ,20180812
Atlanta,mobile,19,13,25,52.00%,2.08,0:02:19,0.00%,0,$0.00 ,20180812
Raleigh,mobile,18,12,24,41.67%,3.21,0:06:22,0.00%,0,$0.00 ,20180812
Charlotte,tablet,7,2,11,81.82%,1.18,0:00:53,0.00%,0,$0.00 ,20180812
Franklin,desktop,5,2,8,75.00%,1.38,0:00:14,0.00%,0,$0.00 ,20180812
Hillsborough,desktop,5,2,6,50.00%,1.83,0:00:40,0.00%,0,$0.00 ,20180812
Miami,mobile,4,1,6,33.33%,3.67,0:11:15,0.00%,0,$0.00 ,20180812
Franklin,mobile,4,3,5,60.00%,2.8,0:04:37,0.00%,0,$0.00 ,20180812
Greensboro,mobile,4,3,5,80.00%,2.2,0:04:10,0.00%,0,$0.00 ,20180812
Raleigh,desktop,4,2,6,66.67%,1.33,0:03:21,0.00%,0,$0.00 ,20180812
Raleigh,tablet,4,3,4,25.00%,3.75,0:14:07,0.00%,0,$0.00 ,20180812
Winston-Salem,desktop,4,3,4,50.00%,1.75,0:05:03,0.00%,0,$0.00 ,20180812
New York,mobile,4,1,6,33.33%,2,0:05:10,0.00%,0,$0.00 ,20180812
Orlando,mobile,3,3,3,33.33%,2,0:05:24,0.00%,0,$0.00 ,20180812
Cary,desktop,3,2,3,66.67%,1.67,0:04:24,0.00%,0,$0.00 ,20180812
Cary,mobile,3,2,5,20.00%,2.8,0:02:15,0.00%,0,$0.00 ,20180812
Chapel Hill,mobile,3,2,4,75.00%,1.5,0:08:24,0.00%,0,$0.00 ,20180812
Fayetteville,mobile,3,2,6,16.67%,2.67,0:06:53,0.00%,0,$0.00 ,20180812
Franklin,tablet,3,2,4,25.00%,2.25,0:01:54,0.00%,0,$0.00 ,20180812
Greensboro,desktop,3,2,5,80.00%,2,0:00:40,0.00%,0,$0.00 ,20180812
Greensboro,tablet,3,2,4,50.00%,1.5,0:00:04,0.00%,0,$0.00 ,20180812
Henderson,mobile,3,2,3,100.00%,1,0:00:00,0.00%,0,$0.00 ,20180812
Knightdale,mobile,3,2,4,50.00%,2.75,0:00:36,0.00%,0,$0.00 ,20180812
Rocky Mount,mobile,3,3,3,100.00%,1,0:00:00,0.00%,0,$0.00 ,20180812
Washington,tablet,2,2,2,0.00%,6.5,0:27:35,0.00%,0,$0.00 ,20180812
Chapel Hill,desktop,2,1,2,50.00%,1.5,0:00:01,0.00%,0,$0.00 ,20180812
High Point,mobile,2,1,2,50.00%,2.5,0:07:34,0.00%,0,$0.00 ,20180812
Hillsborough,mobile,2,2,2,100.00%,1,0:00:00,0.00%,0,$0.00 ,20180812
Mebane,desktop,2,1,2,100.00%,1,0:00:00,0.00%,0,$0.00 ,20180812
Winston-Salem,mobile,2,1,2,0.00%,6,0:19:23,0.00%,0,$0.00 ,20180812
Virginia Beach,mobile,2,1,2,0.00%,4,0:01:12,0.00%,0,$0.00 ,20180812
(not set),desktop,1,0,1,0.00%,3,0:14:39,0.00%,0,$0.00 ,20180812
(not set),tablet,1,0,1,0.00%,3,0:04:04,0.00%,0,$0.00 ,20180812
Indore,mobile,1,1,1,0.00%,5,0:08:24,0.00%,0,$0.00 ,20180812
Buena Park,mobile,1,1,2,0.00%,5.5,0:05:55,0.00%,0,$0.00 ,20180812
Corona,mobile,1,1,1,0.00%,2,0:00:04,0.00%,0,$0.00 ,20180812
San Diego,mobile,1,1,1,100.00%,1,0:00:00,0.00%,0,$0.00 ,20180812
Washington,mobile,1,1,1,0.00%,2,0:00:03,0.00%,0,$0.00 ,20180812
Clayton,desktop,1,0,1,0.00%,6,0:28:21,0.00%,0,$0.00 ,20180812
Fort Lauderdale,desktop,1,1,1,100.00%,1,0:00:00,0.00%,0,$0.00 ,20180812
Orlando,tablet,1,1,1,100.00%,1,0:00:00,0.00%,0,$0.00 ,20180812
Oviedo,desktop,1,0,1,100.00%,1,0:00:00,0.00%,0,$0.00 ,20180812
Tallahassee,tablet,1,1,1,100.00%,1,0:00:00,0.00%,0,$0.00 ,20180812
Atlanta,desktop,1,1,1,0.00%,3,0:04:49,0.00%,0,$0.00 ,20180812
Atlanta,tablet,1,1,1,0.00%,10,0:47:41,0.00%,0,$0.00 ,20180812
Macon,mobile,1,1,2,100.00%,1,0:00:00,0.00%,0,$0.00 ,20180812
Marietta,desktop,1,0,1,0.00%,4,0:25:04,0.00%,0,$0.00 ,20180812
Riverdale,mobile,1,1,1,100.00%,1,0:00:00,0.00%,0,$0.00 ,20180812
Woodstock,desktop,1,1,1,0.00%,2,0:00:10,0.00%,0,$0.00 ,20180812
Vandalia,desktop,1,1,1,100.00%,1,0:00:00,0.00%,0,$0.00 ,20180812
Overland Park,desktop,1,1,1,0.00%,2,0:00:07,0.00%,0,$0.00 ,20180812
Slidell,desktop,1,1,1,100.00%,1,0:00:00,0.00%,0,$0.00 ,20180812
Billerica,desktop,1,1,3,33.33%,2.67,0:00:30,0.00%,0,$0.00 ,20180812
Easton,desktop,1,1,1,100.00%,1,0:00:00,0.00%,0,$0.00 ,20180812
Hyattsville,desktop,1,0,1,0.00%,2,0:00:07,0.00%,0,$0.00 ,20180812
Andrews,desktop,1,0,3,100.00%,1,0:00:00,0.00%,0,$0.00 ,20180812
Black Mountain,desktop,1,1,1,0.00%,2,0:07:05,0.00%,0,$0.00 ,20180812
Carrboro,mobile,1,0,1,100.00%,1,0:00:00,0.00%,0,$0.00 ,20180812
Cashiers,desktop,1,0,1,100.00%,1,0:00:00,0.00%,0,$0.00 ,20180812
Charlotte,desktop,1,0,2,100.00%,1,0:00:00,0.00%,0,$0.00 ,20180812
Marine Corps Air Station Cherry Point,mobile,1,1,1,100.00%,1,0:00:00,0.00%,0,$0.00 ,20180812
Concord,mobile,1,0,2,0.00%,2,0:00:06,0.00%,0,$0.00 ,20180812
Creedmoor,desktop,1,0,2,0.00%,2,0:00:10,0.00%,0,$0.00 ,20180812
Creedmoor,mobile,1,1,1,0.00%,4,0:21:54,0.00%,0,$0.00 ,20180812
Cullowhee,mobile,1,0,1,100.00%,1,0:00:00,0.00%,0,$0.00 ,20180812
Efland,mobile,1,1,2,100.00%,1,0:00:00,0.00%,0,$0.00 ,20180812
Fayetteville,desktop,1,1,1,0.00%,2,0:00:08,0.00%,0,$0.00 ,20180812
Franklinton,mobile,1,1,1,0.00%,2,0:00:19,0.00%,0,$0.00 ,20180812
Graham,mobile,1,0,2,0.00%,2.5,0:01:15,0.00%,0,$0.00 ,20180812
Hayesville,desktop,1,1,2,50.00%,3,0:16:18,0.00%,0,$0.00 ,20180812
High Point,desktop,1,1,1,100.00%,1,0:00:00,0.00%,0,$0.00 ,20180812
High Point,tablet,1,1,1,0.00%,2,0:00:03,0.00%,0,$0.00 ,20180812
Hillsborough,tablet,1,1,2,50.00%,1.5,0:00:08,0.00%,0,$0.00 ,20180812
Kernersville,tablet,1,1,1,100.00%,1,0:00:00,0.00%,0,$0.00 ,20180812
Knightdale,desktop,1,0,1,0.00%,3,0:12:21,0.00%,0,$0.00 ,20180812
Mebane,mobile,1,0,1,0.00%,2,0:00:02,0.00%,0,$0.00 ,20180812
Murphy,mobile,1,0,1,0.00%,4,0:01:45,0.00%,0,$0.00 ,20180812
Nashville,mobile,1,0,1,0.00%,4,0:28:50,0.00%,0,$0.00 ,20180812
Oak Island,desktop,1,1,1,0.00%,4,0:01:35,0.00%,0,$0.00 ,20180812
Ocean Isle Beach,desktop,1,1,1,100.00%,1,0:00:00,0.00%,0,$0.00 ,20180812
Oxford,mobile,1,0,1,0.00%,2,0:00:02,0.00%,0,$0.00 ,20180812
Roxboro,mobile,1,0,3,66.67%,3,0:04:53,0.00%,0,$0.00 ,20180812
Shallotte,mobile,1,1,2,0.00%,2,0:05:53,0.00%,0,$0.00 ,20180812
Sylva,desktop,1,1,1,100.00%,1,0:00:00,0.00%,0,$0.00 ,20180812
Sylva,mobile,1,0,1,0.00%,2,0:00:49,0.00%,0,$0.00 ,20180812
Wake Forest,desktop,1,1,1,100.00%,1,0:00:00,0.00%,0,$0.00 ,20180812
Wake Forest,mobile,1,0,1,0.00%,2,0:00:13,0.00%,0,$0.00 ,20180812
Wendell,desktop,1,0,1,100.00%,1,0:00:00,0.00%,0,$0.00 ,20180812
Whiteville,mobile,1,0,1,0.00%,2,0:01:22,0.00%,0,$0.00 ,20180812
Williamston,desktop,1,1,1,100.00%,1,0:00:00,0.00%,0,$0.00 ,20180812
Wilson,mobile,1,0,1,100.00%,1,0:00:00,0.00%,0,$0.00 ,20180812
Montclair,tablet,1,1,1,100.00%,1,0:00:00,0.00%,0,$0.00 ,20180812
Newark,mobile,1,1,1,0.00%,4,0:02:33,0.00%,0,$0.00 ,20180812
Phillipsburg,desktop,1,0,1,100.00%,1,0:00:00,0.00%,0,$0.00 ,20180812
Marlboro,tablet,1,0,2,50.00%,5.5,0:04:18,0.00%,0,$0.00 ,20180812
Mount Vernon,tablet,1,1,1,0.00%,2,0:00:11,0.00%,0,$0.00 ,20180812
New York,desktop,1,1,1,100.00%,1,0:00:00,0.00%,0,$0.00 ,20180812
Oklahoma City,mobile,1,0,1,0.00%,2,0:00:18,0.00%,0,$0.00 ,20180812
Greensburg,desktop,1,1,1,100.00%,1,0:00:00,0.00%,0,$0.00 ,20180812
Philadelphia,desktop,1,0,1,0.00%,3,0:07:26,0.00%,0,$0.00 ,20180812
Philadelphia,mobile,1,1,1,100.00%,1,0:00:00,0.00%,0,$0.00 ,20180812
Pittsburgh,mobile,1,1,1,100.00%,1,0:00:00,0.00%,0,$0.00 ,20180812
Andrews,desktop,1,1,1,100.00%,1,0:00:00,0.00%,0,$0.00 ,20180812
Columbia,desktop,1,1,1,0.00%,3,0:05:48,0.00%,0,$0.00 ,20180812
Columbia,mobile,1,0,1,100.00%,1,0:00:00,0.00%,0,$0.00 ,20180812
Myrtle Beach,mobile,1,1,1,0.00%,2,0:00:04,0.00%,0,$0.00 ,20180812
Nashville,mobile,1,1,1,100.00%,1,0:00:00,0.00%,0,$0.00 ,20180812
Dallas,mobile,1,1,2,50.00%,6.5,0:23:30,0.00%,0,$0.00 ,20180812
Fort Worth,tablet,1,1,1,100.00%,1,0:00:00,0.00%,0,$0.00 ,20180812
Houston,mobile,1,1,1,100.00%,1,0:00:00,0.00%,0,$0.00 ,20180812
Mesquite,mobile,1,1,1,0.00%,2,0:00:02,0.00%,0,$0.00 ,20180812
Newport News,desktop,1,1,1,0.00%,5,0:07:09,0.00%,0,$0.00 ,20180812
Newport News,tablet,1,1,1,100.00%,1,0:00:00,0.00%,0,$0.00 ,20180812
Norfolk,mobile,1,0,1,100.00%,1,0:00:00,0.00%,0,$0.00 ,20180812
Richmond,desktop,1,1,1,100.00%,1,0:00:00,0.00%,0,$0.00 ,20180812
Stafford,mobile,1,0,1,100.00%,1,0:00:00,0.00%,0,$0.00 ,20180812
Stafford,tablet,1,0,1,0.00%,2,0:00:41,0.00%,0,$0.00 ,20180812
Seattle,mobile,1,1,1,100.00%,1,0:00:00,0.00%,0,$0.00 ,20180812
Churchville,desktop,1,1,1,0.00%,3,0:00:02,0.00%,0,$0.00 ,20180812
Flint Township,mobile,1,0,2,100.00%,1,0:00:00,0.00%,0,$0.00 ,20180812
Friendly,tablet,1,0,1,0.00%,2,0:00:12,0.00%,0,$0.00 ,20180812
Marvin,mobile,1,1,2,100.00%,1,0:00:00,0.00%,0,$0.00 ,20180812
North Druid Hills,mobile,1,1,2,50.00%,2,0:00:32,0.00%,0,$0.00 ,20180812
Spokane Valley,desktop,1,1,2,100.00%,1,0:00:00,0.00%,0,$0.00 ,20180812
,,497,313,643,49.77%,2.21,0:03:22,0.00%,0,$0.00 ,20180812
Durham,mobile,85,44,110,40.00%,3.43,0:06:20,0.00%,0,$0.00 ,20180819
Durham,desktop,69,34,95,50.53%,2.58,0:04:21,0.00%,0,$0.00 ,20180819
Charlotte,mobile,39,21,49,44.90%,2.41,0:04:14,0.00%,0,$0.00 ,20180819
Durham,tablet,28,14,42,28.57%,3.21,0:08:49,0.00%,0,$0.00 ,20180819
Atlanta,mobile,18,10,25,24.00%,3.76,0:07:27,0.00%,0,$0.00 ,20180819
Raleigh,mobile,10,2,14,50.00%,2.86,0:04:02,0.00%,0,$0.00 ,20180819
Franklin,mobile,8,4,10,10.00%,2.5,0:13:07,0.00%,0,$0.00 ,20180819
North Druid Hills,mobile,8,7,8,62.50%,1.5,0:03:33,0.00%,0,$0.00 ,20180819
Charlotte,tablet,7,2,8,50.00%,1.62,0:05:49,0.00%,0,$0.00 ,20180819
Franklin,desktop,6,3,11,63.64%,3,0:04:20,0.00%,0,$0.00 ,20180819
Raleigh,desktop,6,2,15,80.00%,1.87,0:05:49,0.00%,0,$0.00 ,20180819
Cary,desktop,5,2,8,75.00%,1.25,0:02:35,0.00%,0,$0.00 ,20180819
New York,desktop,5,5,8,75.00%,1.62,0:00:09,0.00%,0,$0.00 ,20180819
Chapel Hill,desktop,4,2,7,14.29%,3,0:07:10,0.00%,0,$0.00 ,20180819
Chapel Hill,mobile,4,3,4,50.00%,3.25,0:07:17,0.00%,0,$0.00 ,20180819
Franklin,tablet,4,2,4,25.00%,4,0:14:07,0.00%,0,$0.00 ,20180819
Greensboro,desktop,4,2,7,85.71%,1.43,0:00:10,0.00%,0,$0.00 ,20180819
Winston-Salem,desktop,4,3,4,25.00%,1.75,0:00:37,0.00%,0,$0.00 ,20180819
Cincinnati,mobile,4,4,4,0.00%,5.75,0:01:22,0.00%,0,$0.00 ,20180819
Orlando,mobile,3,0,3,66.67%,1.33,0:05:03,0.00%,0,$0.00 ,20180819
Creedmoor,desktop,3,2,3,33.33%,4.67,0:17:05,0.00%,0,$0.00 ,20180819
Creedmoor,mobile,3,2,3,33.33%,3.33,0:03:24,0.00%,0,$0.00 ,20180819
High Point,tablet,3,1,6,50.00%,3,0:04:14,0.00%,0,$0.00 ,20180819
Hillsborough,desktop,3,1,3,33.33%,2.33,0:00:23,0.00%,0,$0.00 ,20180819
Raleigh,tablet,3,1,3,33.33%,4.67,0:03:05,0.00%,0,$0.00 ,20180819
Roanoke Rapids,desktop,3,3,3,33.33%,3,0:10:40,0.00%,0,$0.00 ,20180819
New York,mobile,3,1,4,25.00%,2.75,0:07:21,0.00%,0,$0.00 ,20180819
Dallas,mobile,3,0,6,66.67%,3.17,0:10:13,0.00%,0,$0.00 ,20180819
(not set),mobile,2,2,2,0.00%,2.5,0:00:59,0.00%,0,$0.00 ,20180819
Greensboro,mobile,2,2,2,50.00%,2,0:04:54,0.00%,0,$0.00 ,20180819
Henderson,mobile,2,2,2,50.00%,1.5,0:00:37,0.00%,0,$0.00 ,20180819
Mebane,desktop,2,1,2,0.00%,5.5,0:11:10,0.00%,0,$0.00 ,20180819
Mebane,mobile,2,0,2,0.00%,3.5,0:12:25,0.00%,0,$0.00 ,20180819
Morrisville,desktop,2,2,2,50.00%,1.5,0:00:43,0.00%,0,$0.00 ,20180819
Swannanoa,desktop,2,1,3,33.33%,3.67,0:14:54,0.00%,0,$0.00 ,20180819
Winston-Salem,mobile,2,0,2,50.00%,1.5,0:00:05,0.00%,0,$0.00 ,20180819
Charleston,desktop,2,2,2,50.00%,2,0:00:29,0.00%,0,$0.00 ,20180819
Myrtle Beach,mobile,2,1,2,0.00%,2,0:00:43,0.00%,0,$0.00 ,20180819
Chantilly,tablet,2,2,2,50.00%,3,0:01:31,0.00%,0,$0.00 ,20180819
Norfolk,mobile,2,1,2,50.00%,2.5,0:01:53,0.00%,0,$0.00 ,20180819
(not set),desktop,1,1,2,0.00%,8,0:36:42,0.00%,0,$0.00 ,20180819
Mobile,tablet,1,1,1,0.00%,2,0:00:03,0.00%,0,$0.00 ,20180819
Washington,mobile,1,0,2,50.00%,1.5,0:00:02,0.00%,0,$0.00 ,20180819
Miami Beach,mobile,1,0,1,0.00%,3,0:03:47,0.00%,0,$0.00 ,20180819
Atlanta,desktop,1,1,2,100.00%,1,0:00:00,0.00%,0,$0.00 ,20180819
Riverdale,desktop,1,1,2,50.00%,1.5,0:00:38,0.00%,0,$0.00 ,20180819
Roswell,tablet,1,0,1,100.00%,1,0:00:00,0.00%,0,$0.00 ,20180819
Louisville,mobile,1,1,1,0.00%,4,0:00:57,0.00%,0,$0.00 ,20180819
Addis,mobile,1,1,1,0.00%,2,0:00:10,0.00%,0,$0.00 ,20180819
Baltimore,desktop,1,1,1,0.00%,5,0:01:33,0.00%,0,$0.00 ,20180819
Hyattsville,desktop,1,0,1,0.00%,2,0:00:02,0.00%,0,$0.00 ,20180819
Bay Saint Louis,desktop,1,1,2,50.00%,1.5,0:02:53,0.00%,0,$0.00 ,20180819
Apex,mobile,1,1,1,100.00%,1,0:00:00,0.00%,0,$0.00 ,20180819
Burnsville,desktop,1,1,1,100.00%,1,0:00:00,0.00%,0,$0.00 ,20180819
Burnsville,mobile,1,1,1,0.00%,2,0:03:25,0.00%,0,$0.00 ,20180819
Butner,desktop,1,1,1,100.00%,1,0:00:00,0.00%,0,$0.00 ,20180819
Cary,mobile,1,1,1,0.00%,4,0:08:48,0.00%,0,$0.00 ,20180819
Cary,tablet,1,1,1,0.00%,6,0:05:05,0.00%,0,$0.00 ,20180819
Chapel Hill,tablet,1,1,1,100.00%,1,0:00:00,0.00%,0,$0.00 ,20180819
Concord,mobile,1,0,1,0.00%,2,0:00:17,0.00%,0,$0.00 ,20180819
Creedmoor,tablet,1,1,1,0.00%,4,0:26:12,0.00%,0,$0.00 ,20180819
Fuquay Varina,mobile,1,1,2,50.00%,2,0:00:15,0.00%,0,$0.00 ,20180819
Henderson,desktop,1,1,1,100.00%,1,0:00:00,0.00%,0,$0.00 ,20180819
High Point,mobile,1,0,1,0.00%,2,0:00:04,0.00%,0,$0.00 ,20180819
Hillsborough,tablet,1,0,2,100.00%,1,0:00:00,0.00%,0,$0.00 ,20180819
Jacksonville,mobile,1,0,1,0.00%,2,0:00:20,0.00%,0,$0.00 ,20180819
Jacksonville,tablet,1,0,2,50.00%,3.5,0:05:08,0.00%,0,$0.00 ,20180819
Kernersville,tablet,1,0,1,100.00%,1,0:00:00,0.00%,0,$0.00 ,20180819
Kittrell,mobile,1,0,1,100.00%,1,0:00:00,0.00%,0,$0.00 ,20180819
Knightdale,desktop,1,0,1,0.00%,2,0:00:15,0.00%,0,$0.00 ,20180819
Leland,mobile,1,1,1,0.00%,3,0:02:46,0.00%,0,$0.00 ,20180819
Oxford,desktop,1,1,1,0.00%,3,0:10:26,0.00%,0,$0.00 ,20180819
Oxford,mobile,1,0,1,0.00%,2,0:00:06,0.00%,0,$0.00 ,20180819
Roanoke Rapids,mobile,1,0,1,0.00%,8,0:29:43,0.00%,0,$0.00 ,20180819
Roanoke Rapids,tablet,1,0,2,50.00%,2.5,0:03:12,0.00%,0,$0.00 ,20180819
Roxboro,mobile,1,0,2,0.00%,4.5,0:06:31,0.00%,0,$0.00 ,20180819
Roxboro,tablet,1,1,1,0.00%,5,0:08:14,0.00%,0,$0.00 ,20180819
Siler City,tablet,1,1,1,100.00%,1,0:00:00,0.00%,0,$0.00 ,20180819
Sylva,desktop,1,0,1,100.00%,1,0:00:00,0.00%,0,$0.00 ,20180819
Sylva,mobile,1,0,1,100.00%,1,0:00:00,0.00%,0,$0.00 ,20180819
Sylva,tablet,1,1,1,100.00%,1,0:00:00,0.00%,0,$0.00 ,20180819
Wake Forest,tablet,1,1,4,0.00%,2,0:00:27,0.00%,0,$0.00 ,20180819
Wendell,desktop,1,0,1,100.00%,1,0:00:00,0.00%,0,$0.00 ,20180819
Whiteville,desktop,1,1,1,0.00%,2,0:00:07,0.00%,0,$0.00 ,20180819
Whiteville,tablet,1,0,3,0.00%,3,0:10:12,0.00%,0,$0.00 ,20180819
Williamston,desktop,1,0,1,0.00%,3,0:16:27,0.00%,0,$0.00 ,20180819
Williamston,mobile,1,1,1,0.00%,2,0:08:21,0.00%,0,$0.00 ,20180819
Wilson,desktop,1,1,1,100.00%,1,0:00:00,0.00%,0,$0.00 ,20180819
Winston-Salem,tablet,1,1,1,100.00%,1,0:00:00,0.00%,0,$0.00 ,20180819
Newburgh,tablet,1,0,3,66.67%,2,0:00:43,0.00%,0,$0.00 ,20180819
Cincinnati,desktop,1,1,2,100.00%,1,0:00:00,0.00%,0,$0.00 ,20180819
Lancaster,mobile,1,0,1,100.00%,1,0:00:00,0.00%,0,$0.00 ,20180819
Philadelphia,desktop,1,0,1,0.00%,2,0:09:09,0.00%,0,$0.00 ,20180819
Philadelphia,mobile,1,0,2,0.00%,2,0:06:30,0.00%,0,$0.00 ,20180819
Blythewood,mobile,1,0,1,0.00%,5,0:13:38,0.00%,0,$0.00 ,20180819
Columbia,tablet,1,1,1,100.00%,1,0:00:00,0.00%,0,$0.00 ,20180819
Conway,mobile,1,1,1,100.00%,1,0:00:00,0.00%,0,$0.00 ,20180819
Kingstree,desktop,1,0,1,100.00%,1,0:00:00,0.00%,0,$0.00 ,20180819
Manning,mobile,1,1,1,100.00%,1,0:00:00,0.00%,0,$0.00 ,20180819
North Myrtle Beach,mobile,1,0,1,0.00%,3,0:01:10,0.00%,0,$0.00 ,20180819
Sumter,desktop,1,0,1,0.00%,2,0:00:04,0.00%,0,$0.00 ,20180819
Johnson City,mobile,1,1,2,50.00%,2.5,0:04:18,0.00%,0,$0.00 ,20180819
Nashville,mobile,1,1,2,0.00%,3,0:01:37,0.00%,0,$0.00 ,20180819
Carrollton,mobile,1,0,1,0.00%,2,0:00:02,0.00%,0,$0.00 ,20180819
Kilgore,mobile,1,1,2,50.00%,1.5,0:00:04,0.00%,0,$0.00 ,20180819
Missouri City,mobile,1,1,1,100.00%,1,0:00:00,0.00%,0,$0.00 ,20180819
Annandale,desktop,1,1,2,0.00%,8.5,0:06:27,0.00%,0,$0.00 ,20180819
Arlington,tablet,1,0,1,0.00%,5,0:04:56,0.00%,0,$0.00 ,20180819
Chantilly,mobile,1,1,3,33.33%,4.33,0:08:03,0.00%,0,$0.00 ,20180819
Charlottesville,desktop,1,0,2,100.00%,1,0:00:00,0.00%,0,$0.00 ,20180819
Charlottesville,mobile,1,1,1,0.00%,2,0:02:05,0.00%,0,$0.00 ,20180819
Newport News,desktop,1,1,1,0.00%,10,0:06:47,0.00%,0,$0.00 ,20180819
Virginia Beach,mobile,1,0,1,0.00%,18,0:38:44,0.00%,0,$0.00 ,20180819
Seattle,mobile,1,1,1,0.00%,2,0:00:44,0.00%,0,$0.00 ,20180819
Fearrington,mobile,1,0,1,0.00%,4,0:05:19,0.00%,0,$0.00 ,20180819
Fearrington,tablet,1,0,1,100.00%,1,0:00:00,0.00%,0,$0.00 ,20180819
Friendly,mobile,1,0,1,0.00%,3,0:23:52,0.00%,0,$0.00 ,20180819
Friendly,tablet,1,0,1,0.00%,2,0:00:04,0.00%,0,$0.00 ,20180819
Myrtle Grove,mobile,1,0,1,100.00%,1,0:00:00,0.00%,0,$0.00 ,20180819
North Druid Hills,desktop,1,0,1,0.00%,3,0:01:31,0.00%,0,$0.00 ,20180819
Panthersville,tablet,1,0,1,0.00%,2,0:00:04,0.00%,0,$0.00 ,20180819
Spokane Valley,desktop,1,0,1,100.00%,1,0:00:00,0.00%,0,$0.00 ,20180819
Wheaton-Glenmont,desktop,1,1,1,100.00%,1,0:00:00,0.00%,0,$0.00 ,20180819
,,452,235,601,42.93%,2.82,0:05:23,0.00%,0,$0.00 ,20180819
Durham,desktop,80,39,98,38.78%,2.49,0:03:07,0.00%,0,$0.00 ,20180826
Durham,mobile,70,27,97,47.42%,2.93,0:06:03,0.00%,0,$0.00 ,20180826
Durham,tablet,41,22,57,43.86%,2.79,0:07:18,0.00%,0,$0.00 ,20180826
Charlotte,mobile,35,15,48,43.75%,2.92,0:05:27,0.00%,0,$0.00 ,20180826
Raleigh,mobile,20,9,27,40.74%,2.85,0:08:22,0.00%,0,$0.00 ,20180826
Atlanta,mobile,15,4,23,47.83%,2.3,0:02:20,0.00%,0,$0.00 ,20180826
Franklin,mobile,10,8,11,72.73%,1.36,0:03:34,0.00%,0,$0.00 ,20180826
Raleigh,desktop,9,3,11,27.27%,4,0:08:55,0.00%,0,$0.00 ,20180826
New York,mobile,8,6,11,36.36%,2.55,0:03:50,0.00%,0,$0.00 ,20180826
Norfolk,mobile,6,4,9,22.22%,3.44,0:06:39,0.00%,0,$0.00 ,20180826
Greensboro,mobile,5,5,5,60.00%,1.4,0:03:02,0.00%,0,$0.00 ,20180826
Cary,desktop,4,2,5,60.00%,1.8,0:01:13,0.00%,0,$0.00 ,20180826
Franklin,desktop,4,1,4,50.00%,1.5,0:04:48,0.00%,0,$0.00 ,20180826
Wake Forest,tablet,4,3,5,60.00%,1.6,0:03:29,0.00%,0,$0.00 ,20180826
Miami,mobile,3,2,4,25.00%,2.5,0:03:02,0.00%,0,$0.00 ,20180826
Charlotte,tablet,3,2,3,100.00%,1,0:00:00,0.00%,0,$0.00 ,20180826
Huntersville,mobile,3,3,3,33.33%,2,0:01:39,0.00%,0,$0.00 ,20180826
Mebane,desktop,3,2,5,20.00%,2,0:01:14,0.00%,0,$0.00 ,20180826
Raleigh,tablet,3,2,3,0.00%,16.33,0:32:58,0.00%,0,$0.00 ,20180826
Virginia Beach,mobile,3,1,5,20.00%,3,0:02:48,0.00%,0,$0.00 ,20180826
Atlanta,tablet,2,2,2,50.00%,2,0:01:59,0.00%,0,$0.00 ,20180826
Cary,mobile,2,1,3,33.33%,3.33,0:12:14,0.00%,0,$0.00 ,20180826
Cashiers,tablet,2,1,3,66.67%,1.33,0:00:05,0.00%,0,$0.00 ,20180826
Chapel Hill,mobile,2,1,4,25.00%,4,0:07:09,0.00%,0,$0.00 ,20180826
Fayetteville,mobile,2,1,3,33.33%,3.67,0:11:55,0.00%,0,$0.00 ,20180826
Franklin,tablet,2,1,2,0.00%,3.5,0:15:30,0.00%,0,$0.00 ,20180826
Graham,mobile,2,1,2,100.00%,1,0:00:00,0.00%,0,$0.00 ,20180826
Greensboro,desktop,2,1,4,100.00%,1,0:00:00,0.00%,0,$0.00 ,20180826
Hillsborough,desktop,2,1,3,0.00%,2,0:01:00,0.00%,0,$0.00 ,20180826
Hillsborough,tablet,2,2,4,50.00%,2,0:00:59,0.00%,0,$0.00 ,20180826
Mebane,mobile,2,1,3,66.67%,2.67,0:00:26,0.00%,0,$0.00 ,20180826
Sylva,desktop,2,0,3,100.00%,1,0:00:00,0.00%,0,$0.00 ,20180826
Wake Forest,mobile,2,2,3,66.67%,1.33,0:00:02,0.00%,0,$0.00 ,20180826
Wilmington,desktop,2,1,3,33.33%,5.33,0:05:40,0.00%,0,$0.00 ,20180826
Winston-Salem,mobile,2,0,3,66.67%,1.33,0:00:01,0.00%,0,$0.00 ,20180826
(not set),mobile,1,0,1,0.00%,17,0:24:55,0.00%,0,$0.00 ,20180826
Corona,mobile,1,0,1,0.00%,6,0:06:43,0.00%,0,$0.00 ,20180826
Norwalk,tablet,1,0,2,50.00%,2.5,0:11:52,0.00%,0,$0.00 ,20180826
Tampa,mobile,1,1,1,0.00%,3,0:01:55,0.00%,0,$0.00 ,20180826
Atlanta,desktop,1,1,1,100.00%,1,0:00:00,0.00%,0,$0.00 ,20180826
McDonough,mobile,1,0,2,50.00%,2.5,0:08:00,0.00%,0,$0.00 ,20180826
Smyrna,desktop,1,1,1,0.00%,2,0:00:05,0.00%,0,$0.00 ,20180826
Smyrna,mobile,1,1,1,0.00%,2,0:00:03,0.00%,0,$0.00 ,20180826
Indianapolis,mobile,1,0,1,100.00%,1,0:00:00,0.00%,0,$0.00 ,20180826
Kokomo,mobile,1,0,1,100.00%,1,0:00:00,0.00%,0,$0.00 ,20180826
Emporia,mobile,1,1,1,100.00%,1,0:00:00,0.00%,0,$0.00 ,20180826
Louisville,mobile,1,1,1,0.00%,6,0:16:14,0.00%,0,$0.00 ,20180826
Elkridge,desktop,1,1,1,0.00%,2,0:00:09,0.00%,0,$0.00 ,20180826
Salisbury,desktop,1,1,1,100.00%,1,0:00:00,0.00%,0,$0.00 ,20180826
Kansas City,mobile,1,1,1,100.00%,1,0:00:00,0.00%,0,$0.00 ,20180826
Angier,mobile,1,0,1,0.00%,4,0:01:27,0.00%,0,$0.00 ,20180826
Apex,mobile,1,1,1,100.00%,1,0:00:00,0.00%,0,$0.00 ,20180826
Apex,tablet,1,1,3,33.33%,5,0:08:06,0.00%,0,$0.00 ,20180826
Bailey,tablet,1,1,1,0.00%,9,0:10:54,0.00%,0,$0.00 ,20180826
Benson,desktop,1,1,2,50.00%,2,0:00:16,0.00%,0,$0.00 ,20180826
Boone,mobile,1,1,2,50.00%,2.5,0:01:38,0.00%,0,$0.00 ,20180826
Buies Creek,desktop,1,1,1,0.00%,3,0:17:37,0.00%,0,$0.00 ,20180826
Burnsville,desktop,1,0,2,100.00%,1,0:00:00,0.00%,0,$0.00 ,20180826
Carrboro,desktop,1,0,1,0.00%,3,0:04:17,0.00%,0,$0.00 ,20180826
Chapel Hill,desktop,1,1,1,0.00%,2,0:00:06,0.00%,0,$0.00 ,20180826
Charlotte,desktop,1,1,2,50.00%,1.5,0:00:13,0.00%,0,$0.00 ,20180826
Creedmoor,desktop,1,0,1,0.00%,4,0:05:35,0.00%,0,$0.00 ,20180826
Farmville,mobile,1,1,1,0.00%,3,0:00:35,0.00%,0,$0.00 ,20180826
Greensboro,tablet,1,1,4,75.00%,1.5,0:00:40,0.00%,0,$0.00 ,20180826
Greenville,desktop,1,1,1,0.00%,12,0:13:45,0.00%,0,$0.00 ,20180826
High Point,tablet,1,0,2,50.00%,2,0:07:21,0.00%,0,$0.00 ,20180826
Hillsborough,mobile,1,1,1,0.00%,2,0:00:04,0.00%,0,$0.00 ,20180826
Kinston,mobile,1,0,1,0.00%,4,0:06:47,0.00%,0,$0.00 ,20180826
Kinston,tablet,1,0,2,50.00%,3.5,0:11:07,0.00%,0,$0.00 ,20180826
Knightdale,desktop,1,0,1,0.00%,2,0:00:12,0.00%,0,$0.00 ,20180826
Marion,desktop,1,0,2,50.00%,2,0:00:29,0.00%,0,$0.00 ,20180826
Oxford,mobile,1,0,1,0.00%,3,0:19:09,0.00%,0,$0.00 ,20180826
Reidsville,mobile,1,0,1,100.00%,1,0:00:00,0.00%,0,$0.00 ,20180826
Roxboro,mobile,1,0,3,33.33%,6.67,0:28:39,0.00%,0,$0.00 ,20180826
Roxboro,tablet,1,0,1,0.00%,6,0:03:21,0.00%,0,$0.00 ,20180826
Siler City,tablet,1,1,1,100.00%,1,0:00:00,0.00%,0,$0.00 ,20180826
Swannanoa,desktop,1,0,3,33.33%,3.67,0:06:32,0.00%,0,$0.00 ,20180826
Swansboro,desktop,1,1,1,0.00%,3,0:00:25,0.00%,0,$0.00 ,20180826
Williamston,desktop,1,0,1,100.00%,1,0:00:00,0.00%,0,$0.00 ,20180826
Winston-Salem,desktop,1,0,1,100.00%,1,0:00:00,0.00%,0,$0.00 ,20180826
Cherry Hill,mobile,1,0,1,0.00%,3,0:11:29,0.00%,0,$0.00 ,20180826
Mount Laurel,mobile,1,0,2,50.00%,3.5,0:17:13,0.00%,0,$0.00 ,20180826
Newark,mobile,1,0,3,33.33%,5.33,0:09:22,0.00%,0,$0.00 ,20180826
New York,desktop,1,1,1,100.00%,1,0:00:00,0.00%,0,$0.00 ,20180826
Newburgh,tablet,1,0,3,66.67%,1.33,0:00:02,0.00%,0,$0.00 ,20180826
Philadelphia,desktop,1,0,2,0.00%,2,0:12:29,0.00%,0,$0.00 ,20180826
Pittsburgh,mobile,1,0,2,100.00%,1,0:00:00,0.00%,0,$0.00 ,20180826
Blythewood,mobile,1,0,1,100.00%,1,0:00:00,0.00%,0,$0.00 ,20180826
Blythewood,tablet,1,0,2,100.00%,1,0:00:00,0.00%,0,$0.00 ,20180826
Columbia,desktop,1,1,1,0.00%,7,0:01:03,0.00%,0,$0.00 ,20180826
Conway,desktop,1,1,1,100.00%,1,0:00:00,0.00%,0,$0.00 ,20180826
Myrtle Beach,tablet,1,1,2,0.00%,3,0:06:58,0.00%,0,$0.00 ,20180826
Chattanooga,mobile,1,0,1,0.00%,2,0:00:06,0.00%,0,$0.00 ,20180826
Knoxville,desktop,1,0,1,0.00%,3,0:00:46,0.00%,0,$0.00 ,20180826
Nashville,mobile,1,1,3,33.33%,4,0:13:14,0.00%,0,$0.00 ,20180826
Fort Worth,mobile,1,0,1,100.00%,1,0:00:00,0.00%,0,$0.00 ,20180826
Fort Worth,tablet,1,1,1,0.00%,4,0:25:28,0.00%,0,$0.00 ,20180826
Rosenberg,tablet,1,1,1,0.00%,4,0:01:24,0.00%,0,$0.00 ,20180826
Waco,desktop,1,1,1,100.00%,1,0:00:00,0.00%,0,$0.00 ,20180826
Chantilly,mobile,1,0,2,100.00%,1,0:00:00,0.00%,0,$0.00 ,20180826
Colonial Heights,mobile,1,0,1,0.00%,12,0:32:09,0.00%,0,$0.00 ,20180826
Norfolk,desktop,1,1,1,100.00%,1,0:00:00,0.00%,0,$0.00 ,20180826
Norfolk,tablet,1,0,3,0.00%,3,0:07:20,0.00%,0,$0.00 ,20180826
Reston,mobile,1,0,2,50.00%,1.5,0:00:01,0.00%,0,$0.00 ,20180826
Richmond,mobile,1,1,1,100.00%,1,0:00:00,0.00%,0,$0.00 ,20180826
Virginia Beach,tablet,1,0,1,0.00%,2,0:07:47,0.00%,0,$0.00 ,20180826
Brookhaven,desktop,1,1,1,0.00%,2,0:00:08,0.00%,0,$0.00 ,20180826
Dale City,desktop,1,1,1,100.00%,1,0:00:00,0.00%,0,$0.00 ,20180826
Friendly,mobile,1,0,1,100.00%,1,0:00:00,0.00%,0,$0.00 ,20180826
Friendly,tablet,1,0,3,0.00%,4,0:10:13,0.00%,0,$0.00 ,20180826
Holden Beach,mobile,1,0,3,100.00%,1,0:00:00,0.00%,0,$0.00 ,20180826
Miramar,desktop,1,1,2,50.00%,1.5,0:02:07,0.00%,0,$0.00 ,20180826
Miramar,tablet,1,1,1,100.00%,1,0:00:00,0.00%,0,$0.00 ,20180826
North Plainfield,desktop,1,0,1,100.00%,1,0:00:00,0.00%,0,$0.00 ,20180826
Saxapahaw,tablet,1,0,1,0.00%,2,0:00:25,0.00%,0,$0.00 ,20180826
Spokane Valley,desktop,1,0,1,0.00%,2,0:09:53,0.00%,0,$0.00 ,20180826
Saint Charles,desktop,1,1,1,0.00%,2,0:00:02,0.00%,0,$0.00 ,20180826
West Springfield,mobile,1,1,1,100.00%,1,0:00:00,0.00%,0,$0.00 ,20180826
,,442,215,600,44.33%,2.74,0:05:08,0.00%,0,$0.00 ,20180826
Durham,mobile,68,26,97,45.36%,2.58,0:05:54,0.00%,0,$0.00 ,20180902
Durham,desktop,50,15,61,32.79%,2.43,0:04:04,0.00%,0,$0.00 ,20180902
Charlotte,mobile,36,14,52,40.38%,2.81,0:06:13,0.00%,0,$0.00 ,20180902
Durham,tablet,31,12,52,51.92%,2.25,0:03:36,0.00%,0,$0.00 ,20180902
Atlanta,mobile,16,8,20,60.00%,2.3,0:01:34,0.00%,0,$0.00 ,20180902
Raleigh,mobile,14,8,19,52.63%,2.32,0:01:58,0.00%,0,$0.00 ,20180902
Chapel Hill,desktop,6,3,9,11.11%,2.11,0:00:25,0.00%,0,$0.00 ,20180902
Charlotte,tablet,6,2,10,60.00%,1.8,0:04:38,0.00%,0,$0.00 ,20180902
Raleigh,desktop,5,2,9,77.78%,1.89,0:02:11,0.00%,0,$0.00 ,20180902
Orlando,mobile,4,2,6,33.33%,3,0:02:57,0.00%,0,$0.00 ,20180902
Franklin,desktop,4,0,5,40.00%,1.8,0:01:38,0.00%,0,$0.00 ,20180902
Franklin,mobile,4,2,4,50.00%,1.5,0:03:04,0.00%,0,$0.00 ,20180902
Atlanta,desktop,3,1,3,66.67%,3,0:14:09,0.00%,0,$0.00 ,20180902
Cary,desktop,3,1,5,20.00%,3.6,0:07:38,0.00%,0,$0.00 ,20180902
Raleigh,tablet,3,2,5,60.00%,2,0:00:22,0.00%,0,$0.00 ,20180902
New York,mobile,3,1,5,40.00%,2.2,0:03:51,0.00%,0,$0.00 ,20180902
Philadelphia,desktop,3,2,3,66.67%,1.67,0:05:35,0.00%,0,$0.00 ,20180902
Norfolk,mobile,3,1,3,0.00%,2,0:01:27,0.00%,0,$0.00 ,20180902
(not set),mobile,2,1,2,100.00%,1,0:00:00,0.00%,0,$0.00 ,20180902
Mobile,mobile,2,2,2,50.00%,2,0:01:13,0.00%,0,$0.00 ,20180902
Atlanta,tablet,2,1,2,50.00%,1.5,0:00:03,0.00%,0,$0.00 ,20180902
Savannah,desktop,2,1,3,0.00%,3.33,0:05:06,0.00%,0,$0.00 ,20180902
Cary,tablet,2,0,3,0.00%,4,0:11:57,0.00%,0,$0.00 ,20180902
Chapel Hill,mobile,2,1,3,33.33%,1.67,0:00:04,0.00%,0,$0.00 ,20180902
Creedmoor,desktop,2,0,3,33.33%,3,0:13:49,0.00%,0,$0.00 ,20180902
Franklin,tablet,2,0,2,50.00%,2.5,0:06:05,0.00%,0,$0.00 ,20180902
Goldsboro,tablet,2,2,2,50.00%,2.5,0:10:35,0.00%,0,$0.00 ,20180902
Graham,mobile,2,0,2,0.00%,5.5,0:08:39,0.00%,0,$0.00 ,20180902
Greensboro,mobile,2,1,3,33.33%,1.67,0:02:16,0.00%,0,$0.00 ,20180902
Hickory,desktop,2,2,3,33.33%,1.67,0:00:32,0.00%,0,$0.00 ,20180902
Hillsborough,desktop,2,0,3,66.67%,1.33,0:00:02,0.00%,0,$0.00 ,20180902
Mebane,desktop,2,1,2,0.00%,2,0:00:07,0.00%,0,$0.00 ,20180902
Mebane,mobile,2,0,2,0.00%,4,0:19:53,0.00%,0,$0.00 ,20180902
Sylva,desktop,2,1,2,100.00%,1,0:00:00,0.00%,0,$0.00 ,20180902
Wake Forest,desktop,2,2,3,66.67%,1.33,0:00:30,0.00%,0,$0.00 ,20180902
Wake Forest,tablet,2,1,2,50.00%,1.5,0:00:08,0.00%,0,$0.00 ,20180902
Williamston,desktop,2,1,2,100.00%,1,0:00:00,0.00%,0,$0.00 ,20180902
New York,desktop,2,2,2,100.00%,1,0:00:00,0.00%,0,$0.00 ,20180902
Cincinnati,mobile,2,2,2,50.00%,1.5,0:01:34,0.00%,0,$0.00 ,20180902
Fearrington,desktop,2,2,2,100.00%,1,0:00:00,0.00%,0,$0.00 ,20180902
Friendly,mobile,2,2,2,0.00%,2.5,0:14:46,0.00%,0,$0.00 ,20180902
Saint Charles,tablet,2,2,2,0.00%,2,0:00:03,0.00%,0,$0.00 ,20180902
(not set),desktop,1,1,2,50.00%,2.5,0:06:42,0.00%,0,$0.00 ,20180902
(not set),tablet,1,1,1,100.00%,1,0:00:00,0.00%,0,$0.00 ,20180902
Mobile,tablet,1,1,2,50.00%,1.5,0:00:03,0.00%,0,$0.00 ,20180902
Chandler,mobile,1,0,1,0.00%,2,0:00:04,0.00%,0,$0.00 ,20180902
Berkeley,desktop,1,1,1,0.00%,2,0:00:10,0.00%,0,$0.00 ,20180902
Corona,desktop,1,1,1,0.00%,3,0:08:20,0.00%,0,$0.00 ,20180902
Corona,mobile,1,0,1,0.00%,8,0:11:28,0.00%,0,$0.00 ,20180902
Oakland,mobile,1,1,1,100.00%,1,0:00:00,0.00%,0,$0.00 ,20180902
Pittsburg,mobile,1,1,1,100.00%,1,0:00:00,0.00%,0,$0.00 ,20180902
Hartford,mobile,1,1,1,100.00%,1,0:00:00,0.00%,0,$0.00 ,20180902
Middletown,desktop,1,0,1,100.00%,1,0:00:00,0.00%,0,$0.00 ,20180902
Washington,tablet,1,1,1,0.00%,7,0:09:48,0.00%,0,$0.00 ,20180902
Clayton,desktop,1,0,2,50.00%,3.5,0:13:43,0.00%,0,$0.00 ,20180902
Clayton,tablet,1,1,1,100.00%,1,0:00:00,0.00%,0,$0.00 ,20180902
Miami Beach,mobile,1,0,1,0.00%,3,0:29:41,0.00%,0,$0.00 ,20180902
Columbus,desktop,1,0,1,0.00%,2,0:00:25,0.00%,0,$0.00 ,20180902
Savannah,mobile,1,0,4,0.00%,8,0:34:21,0.00%,0,$0.00 ,20180902
Honolulu,tablet,1,0,2,50.00%,1.5,0:00:02,0.00%,0,$0.00 ,20180902
Shreveport,mobile,1,1,1,100.00%,1,0:00:00,0.00%,0,$0.00 ,20180902
Billerica,desktop,1,0,7,100.00%,1,0:00:00,0.00%,0,$0.00 ,20180902
Boston,mobile,1,0,3,66.67%,1.33,0:03:09,0.00%,0,$0.00 ,20180902
Hyattsville,desktop,1,0,1,0.00%,2,0:00:06,0.00%,0,$0.00 ,20180902
Black Mountain,desktop,1,0,3,0.00%,2.33,0:01:51,0.00%,0,$0.00 ,20180902
Cary,mobile,1,1,1,0.00%,11,0:20:13,0.00%,0,$0.00 ,20180902
Cherokee,mobile,1,1,1,0.00%,10,0:08:18,0.00%,0,$0.00 ,20180902
Clemmons,mobile,1,0,1,100.00%,1,0:00:00,0.00%,0,$0.00 ,20180902
Fayetteville,desktop,1,1,1,100.00%,1,0:00:00,0.00%,0,$0.00 ,20180902
Fayetteville,mobile,1,1,1,0.00%,3,0:01:38,0.00%,0,$0.00 ,20180902
Hayesville,tablet,1,1,1,100.00%,1,0:00:00,0.00%,0,$0.00 ,20180902
High Point,desktop,1,1,1,100.00%,1,0:00:00,0.00%,0,$0.00 ,20180902
Hillsborough,mobile,1,0,2,50.00%,1.5,0:00:03,0.00%,0,$0.00 ,20180902
Hillsborough,tablet,1,1,1,0.00%,2,0:00:09,0.00%,0,$0.00 ,20180902
Jacksonville,mobile,1,0,2,100.00%,1,0:00:00,0.00%,0,$0.00 ,20180902
Kernersville,mobile,1,1,1,100.00%,1,0:00:00,0.00%,0,$0.00 ,20180902
Knightdale,desktop,1,0,1,0.00%,2,0:00:12,0.00%,0,$0.00 ,20180902
Morrisville,desktop,1,1,1,100.00%,1,0:00:00,0.00%,0,$0.00 ,20180902
Murphy,mobile,1,0,1,0.00%,4,0:13:44,0.00%,0,$0.00 ,20180902
Oxford,mobile,1,0,2,50.00%,1.5,0:00:02,0.00%,0,$0.00 ,20180902
Rocky Mount,mobile,1,1,1,100.00%,1,0:00:00,0.00%,0,$0.00 ,20180902
Roxboro,mobile,1,1,2,0.00%,5,0:09:36,0.00%,0,$0.00 ,20180902
Roxboro,tablet,1,0,1,100.00%,1,0:00:00,0.00%,0,$0.00 ,20180902
Salisbury,mobile,1,1,1,100.00%,1,0:00:00,0.00%,0,$0.00 ,20180902
Selma,desktop,1,0,1,100.00%,1,0:00:00,0.00%,0,$0.00 ,20180902
Timberlake,mobile,1,1,1,100.00%,1,0:00:00,0.00%,0,$0.00 ,20180902
Wake Forest,mobile,1,0,2,100.00%,1,0:00:00,0.00%,0,$0.00 ,20180902
Whiteville,mobile,1,1,2,0.00%,2,0:12:27,0.00%,0,$0.00 ,20180902
Whiteville,tablet,1,0,2,50.00%,1.5,0:00:04,0.00%,0,$0.00 ,20180902
Williamston,mobile,1,0,1,100.00%,1,0:00:00,0.00%,0,$0.00 ,20180902
Winston-Salem,desktop,1,0,1,0.00%,2,0:01:24,0.00%,0,$0.00 ,20180902
Cherry Hill,mobile,1,0,2,50.00%,1.5,0:01:46,0.00%,0,$0.00 ,20180902
Mount Laurel,mobile,1,0,2,0.00%,4,0:06:22,0.00%,0,$0.00 ,20180902
Newark,desktop,1,1,1,100.00%,1,0:00:00,0.00%,0,$0.00 ,20180902
Las Vegas,mobile,1,1,1,0.00%,3,0:02:14,0.00%,0,$0.00 ,20180902
Newburgh,tablet,1,0,2,50.00%,1.5,0:00:02,0.00%,0,$0.00 ,20180902
Cleveland,desktop,1,1,1,100.00%,1,0:00:00,0.00%,0,$0.00 ,20180902
Canonsburg,desktop,1,1,1,0.00%,4,0:28:01,0.00%,0,$0.00 ,20180902
Pittsburgh,mobile,1,0,1,100.00%,1,0:00:00,0.00%,0,$0.00 ,20180902
Andrews,desktop,1,0,1,100.00%,1,0:00:00,0.00%,0,$0.00 ,20180902
Blythewood,mobile,1,0,1,100.00%,1,0:00:00,0.00%,0,$0.00 ,20180902
Conway,desktop,1,0,2,50.00%,1.5,0:02:17,0.00%,0,$0.00 ,20180902
Myrtle Beach,tablet,1,1,3,66.67%,1.33,0:00:04,0.00%,0,$0.00 ,20180902
North Myrtle Beach,mobile,1,0,2,0.00%,6,0:11:51,0.00%,0,$0.00 ,20180902
Nashville,mobile,1,1,1,100.00%,1,0:00:00,0.00%,0,$0.00 ,20180902
Carrollton,desktop,1,1,1,0.00%,3,0:17:42,0.00%,0,$0.00 ,20180902
Carrollton,mobile,1,0,2,50.00%,6.5,0:01:08,0.00%,0,$0.00 ,20180902
Dallas,mobile,1,0,2,50.00%,5,0:04:31,0.00%,0,$0.00 ,20180902
Fort Worth,mobile,1,1,1,100.00%,1,0:00:00,0.00%,0,$0.00 ,20180902
Houston,mobile,1,1,1,0.00%,3,0:00:20,0.00%,0,$0.00 ,20180902
New Caney,mobile,1,0,1,100.00%,1,0:00:00,0.00%,0,$0.00 ,20180902
Tyler,mobile,1,1,1,100.00%,1,0:00:00,0.00%,0,$0.00 ,20180902
Charlottesville,desktop,1,0,2,50.00%,1.5,0:03:08,0.00%,0,$0.00 ,20180902
Danville,mobile,1,0,2,100.00%,1,0:00:00,0.00%,0,$0.00 ,20180902
Hampton,mobile,1,1,1,0.00%,2,0:01:08,0.00%,0,$0.00 ,20180902
Norfolk,tablet,1,0,1,0.00%,8,0:04:25,0.00%,0,$0.00 ,20180902
Virginia Beach,mobile,1,0,1,0.00%,12,1:03:04,0.00%,0,$0.00 ,20180902
Fearrington,mobile,1,0,2,50.00%,1.5,0:00:04,0.00%,0,$0.00 ,20180902
Friendly,tablet,1,0,1,0.00%,2,0:00:04,0.00%,0,$0.00 ,20180902
Holden Beach,desktop,1,0,1,0.00%,2,0:00:08,0.00%,0,$0.00 ,20180902
Richlands,mobile,1,0,2,0.00%,2.5,0:09:52,0.00%,0,$0.00 ,20180902
Saxapahaw,tablet,1,0,1,100.00%,1,0:00:00,0.00%,0,$0.00 ,20180902
Spokane Valley,desktop,1,0,1,100.00%,1,0:00:00,0.00%,0,$0.00 ,20180902
,,391,165,542,45.94%,2.42,0:04:26,0.00%,0,$0.00 ,20180902
Durham,mobile,67,33,83,55.42%,2.73,0:04:51,0.00%,0,$0.00 ,20180909
Durham,desktop,57,22,71,47.89%,2.06,0:02:54,0.00%,0,$0.00 ,20180909
Charlotte,mobile,38,14,59,50.85%,2.17,0:03:49,0.00%,0,$0.00 ,20180909
Durham,tablet,32,16,44,43.18%,2.27,0:03:18,0.00%,0,$0.00 ,20180909
Raleigh,mobile,19,5,27,66.67%,1.48,0:01:49,0.00%,0,$0.00 ,20180909
Atlanta,mobile,10,3,12,66.67%,1.92,0:05:29,0.00%,0,$0.00 ,20180909
Raleigh,desktop,8,2,14,57.14%,2,0:02:14,0.00%,0,$0.00 ,20180909
Raleigh,tablet,7,3,9,66.67%,1.78,0:03:50,0.00%,0,$0.00 ,20180909
Cary,desktop,5,4,6,83.33%,1.17,0:00:04,0.00%,0,$0.00 ,20180909
Franklin,mobile,5,3,6,0.00%,2.17,0:05:22,0.00%,0,$0.00 ,20180909
Charlotte,tablet,4,1,6,50.00%,1.5,0:00:03,0.00%,0,$0.00 ,20180909
Chapel Hill,mobile,3,0,6,33.33%,3.5,0:04:43,0.00%,0,$0.00 ,20180909
Franklin,tablet,3,1,3,33.33%,1.67,0:00:15,0.00%,0,$0.00 ,20180909
Hillsborough,desktop,3,2,4,50.00%,1.75,0:00:45,0.00%,0,$0.00 ,20180909
Myrtle Beach,mobile,3,2,3,33.33%,1.67,0:00:27,0.00%,0,$0.00 ,20180909
(not set),desktop,2,2,2,50.00%,2,0:06:16,0.00%,0,$0.00 ,20180909
(not set),mobile,2,0,2,100.00%,1,0:00:00,0.00%,0,$0.00 ,20180909
Huntsville,mobile,2,2,4,25.00%,3,0:05:07,0.00%,0,$0.00 ,20180909
Washington,mobile,2,1,2,100.00%,1,0:00:00,0.00%,0,$0.00 ,20180909
Efland,desktop,2,2,2,50.00%,2,0:02:28,0.00%,0,$0.00 ,20180909
Fayetteville,mobile,2,2,2,50.00%,2.5,0:11:14,0.00%,0,$0.00 ,20180909
Franklin,desktop,2,0,2,50.00%,1.5,0:00:04,0.00%,0,$0.00 ,20180909
Greensboro,mobile,2,2,2,0.00%,3,0:10:48,0.00%,0,$0.00 ,20180909
Marion,desktop,2,0,2,100.00%,1,0:00:00,0.00%,0,$0.00 ,20180909
Sylva,desktop,2,2,2,50.00%,1.5,0:00:01,0.00%,0,$0.00 ,20180909
Sylva,mobile,2,0,2,50.00%,1.5,0:02:03,0.00%,0,$0.00 ,20180909
Winston-Salem,mobile,2,0,5,60.00%,2.6,0:01:03,0.00%,0,$0.00 ,20180909
New York,mobile,2,1,2,0.00%,2.5,0:07:36,0.00%,0,$0.00 ,20180909
Cincinnati,mobile,2,1,2,50.00%,1.5,0:00:05,0.00%,0,$0.00 ,20180909
Norfolk,mobile,2,1,4,25.00%,2.75,0:02:01,0.00%,0,$0.00 ,20180909
(not set),tablet,1,1,1,0.00%,2,0:01:28,0.00%,0,$0.00 ,20180909
Saint-Brieuc,mobile,1,1,2,100.00%,1,0:00:00,0.00%,0,$0.00 ,20180909
Birmingham,mobile,1,1,1,0.00%,2,0:00:04,0.00%,0,$0.00 ,20180909
Corona,desktop,1,1,1,100.00%,1,0:00:00,0.00%,0,$0.00 ,20180909
Ontario,mobile,1,0,1,0.00%,2,0:00:03,0.00%,0,$0.00 ,20180909
Clayton,desktop,1,0,2,0.00%,6.5,0:06:47,0.00%,0,$0.00 ,20180909
Miami,mobile,1,1,1,0.00%,2,0:03:05,0.00%,0,$0.00 ,20180909
Tallahassee,mobile,1,1,2,100.00%,1,0:00:00,0.00%,0,$0.00 ,20180909
Chicago,mobile,1,1,1,0.00%,2,0:00:36,0.00%,0,$0.00 ,20180909
Schiller Park,mobile,1,1,2,50.00%,2,0:00:22,0.00%,0,$0.00 ,20180909
Hyattsville,desktop,1,0,1,0.00%,2,0:00:10,0.00%,0,$0.00 ,20180909
Black Mountain,desktop,1,0,4,50.00%,2.5,0:01:12,0.00%,0,$0.00 ,20180909
Burlington,mobile,1,1,1,100.00%,1,0:00:00,0.00%,0,$0.00 ,20180909
Burnsville,desktop,1,0,1,0.00%,2,0:00:08,0.00%,0,$0.00 ,20180909
Cary,mobile,1,0,1,0.00%,6,0:15:33,0.00%,0,$0.00 ,20180909
Cashiers,desktop,1,0,5,80.00%,1.2,0:00:05,0.00%,0,$0.00 ,20180909
Chapel Hill,desktop,1,0,2,100.00%,1,0:00:00,0.00%,0,$0.00 ,20180909
Charlotte,desktop,1,1,1,0.00%,2,0:00:07,0.00%,0,$0.00 ,20180909
Clayton,desktop,1,1,1,0.00%,2,0:00:03,0.00%,0,$0.00 ,20180909
Clayton,mobile,1,0,1,0.00%,7,0:16:53,0.00%,0,$0.00 ,20180909
Clayton,tablet,1,1,1,0.00%,2,0:00:08,0.00%,0,$0.00 ,20180909
Concord,desktop,1,1,1,0.00%,3,0:01:43,0.00%,0,$0.00 ,20180909
Cornelius,mobile,1,1,1,100.00%,1,0:00:00,0.00%,0,$0.00 ,20180909
Creedmoor,desktop,1,0,3,33.33%,3,0:07:37,0.00%,0,$0.00 ,20180909
Greensboro,desktop,1,0,1,100.00%,1,0:00:00,0.00%,0,$0.00 ,20180909
Henderson,desktop,1,1,1,100.00%,1,0:00:00,0.00%,0,$0.00 ,20180909
Hickory,mobile,1,0,1,0.00%,2,0:28:37,0.00%,0,$0.00 ,20180909
Jacksonville,mobile,1,0,1,100.00%,1,0:00:00,0.00%,0,$0.00 ,20180909
Mebane,desktop,1,0,1,0.00%,2,0:00:09,0.00%,0,$0.00 ,20180909
Mebane,mobile,1,0,1,0.00%,3,0:02:27,0.00%,0,$0.00 ,20180909
Mebane,tablet,1,0,1,0.00%,2,0:00:03,0.00%,0,$0.00 ,20180909
Oxford,mobile,1,0,2,100.00%,1,0:00:00,0.00%,0,$0.00 ,20180909
Pittsboro,mobile,1,0,1,100.00%,1,0:00:00,0.00%,0,$0.00 ,20180909
Rocky Mount,desktop,1,1,1,100.00%,1,0:00:00,0.00%,0,$0.00 ,20180909
Rocky Mount,mobile,1,1,1,100.00%,1,0:00:00,0.00%,0,$0.00 ,20180909
Salisbury,tablet,1,1,1,0.00%,3,0:01:14,0.00%,0,$0.00 ,20180909
Timberlake,mobile,1,1,2,100.00%,1,0:00:00,0.00%,0,$0.00 ,20180909
Wake Forest,mobile,1,1,1,100.00%,1,0:00:00,0.00%,0,$0.00 ,20180909
Wake Forest,tablet,1,0,1,100.00%,1,0:00:00,0.00%,0,$0.00 ,20180909
Warrenton,desktop,1,1,1,100.00%,1,0:00:00,0.00%,0,$0.00 ,20180909
Wendell,desktop,1,0,1,100.00%,1,0:00:00,0.00%,0,$0.00 ,20180909
Winston-Salem,desktop,1,0,1,100.00%,1,0:00:00,0.00%,0,$0.00 ,20180909
Omaha,tablet,1,1,1,100.00%,1,0:00:00,0.00%,0,$0.00 ,20180909
Mount Vernon,desktop,1,1,1,0.00%,2,0:00:04,0.00%,0,$0.00 ,20180909
New York,desktop,1,1,1,100.00%,1,0:00:00,0.00%,0,$0.00 ,20180909
Newburgh,tablet,1,0,2,50.00%,1.5,0:00:11,0.00%,0,$0.00 ,20180909
Columbus,mobile,1,1,2,0.00%,3,0:03:14,0.00%,0,$0.00 ,20180909
Philadelphia,desktop,1,0,1,100.00%,1,0:00:00,0.00%,0,$0.00 ,20180909
Pittsburgh,mobile,1,0,1,100.00%,1,0:00:00,0.00%,0,$0.00 ,20180909
Providence,desktop,1,0,1,100.00%,1,0:00:00,0.00%,0,$0.00 ,20180909
Providence,mobile,1,1,1,0.00%,5,0:07:57,0.00%,0,$0.00 ,20180909
Andrews,desktop,1,0,1,100.00%,1,0:00:00,0.00%,0,$0.00 ,20180909
Blythewood,mobile,1,0,1,0.00%,2,0:01:03,0.00%,0,$0.00 ,20180909
Columbia,mobile,1,0,1,0.00%,3,0:00:38,0.00%,0,$0.00 ,20180909
Myrtle Beach,desktop,1,0,1,100.00%,1,0:00:00,0.00%,0,$0.00 ,20180909
Gainesville,desktop,1,0,1,0.00%,5,0:01:53,0.00%,0,$0.00 ,20180909
Hampton,mobile,1,0,2,50.00%,1.5,0:01:07,0.00%,0,$0.00 ,20180909
Norfolk,desktop,1,1,1,0.00%,4,0:01:47,0.00%,0,$0.00 ,20180909
Norfolk,tablet,1,0,1,0.00%,4,0:10:44,0.00%,0,$0.00 ,20180909
Virginia Beach,mobile,1,0,1,0.00%,2,0:07:45,0.00%,0,$0.00 ,20180909
Roodepoort,mobile,1,1,1,100.00%,1,0:00:00,0.00%,0,$0.00 ,20180909
Lusaka,mobile,1,0,2,0.00%,2.5,0:09:13,0.00%,0,$0.00 ,20180909
Friendly,tablet,1,0,1,0.00%,2,0:00:04,0.00%,0,$0.00 ,20180909
Panthersville,mobile,1,1,2,100.00%,1,0:00:00,0.00%,0,$0.00 ,20180909
Port Wentworth,desktop,1,1,1,100.00%,1,0:00:00,0.00%,0,$0.00 ,20180909
West Springfield,mobile,1,0,1,0.00%,5,0:07:18,0.00%,0,$0.00 ,20180909
,,360,157,477,51.57%,2.16,0:03:11,0.00%,0,$0.00 ,20180909
Durham,mobile,146,85,203,51.23%,2.27,0:03:29,0.00%,0,$0.00 ,20180916
Durham,desktop,117,55,161,47.20%,1.99,0:02:16,0.00%,0,$0.00 ,20180916
Durham,tablet,72,35,96,50.00%,2.01,0:03:00,0.00%,0,$0.00 ,20180916
Charlotte,mobile,48,22,67,49.25%,2.51,0:06:46,0.00%,0,$0.00 ,20180916
Raleigh,mobile,34,14,47,48.94%,3.26,0:06:37,0.00%,0,$0.00 ,20180916
Atlanta,mobile,18,6,23,47.83%,1.96,0:06:39,0.00%,0,$0.00 ,20180916
Raleigh,tablet,15,8,16,68.75%,2.12,0:02:48,0.00%,0,$0.00 ,20180916
Franklin,mobile,9,6,9,44.44%,2.11,0:04:15,0.00%,0,$0.00 ,20180916
Wake Forest,mobile,8,7,8,75.00%,1.25,0:00:16,0.00%,0,$0.00 ,20180916
Cary,mobile,7,6,8,50.00%,1.5,0:00:05,0.00%,0,$0.00 ,20180916
Franklin,desktop,7,2,8,37.50%,1.88,0:04:56,0.00%,0,$0.00 ,20180916
Winston-Salem,mobile,7,5,9,33.33%,3.33,0:10:34,0.00%,0,$0.00 ,20180916
Franklin,tablet,6,2,10,30.00%,3.5,0:03:01,0.00%,0,$0.00 ,20180916
Raleigh,desktop,6,3,11,72.73%,1.73,0:01:59,0.00%,0,$0.00 ,20180916
Winston-Salem,tablet,5,4,7,42.86%,1.71,0:00:20,0.00%,0,$0.00 ,20180916
Cary,desktop,4,1,5,20.00%,2.8,0:03:44,0.00%,0,$0.00 ,20180916
Winston-Salem,desktop,4,0,5,40.00%,1.8,0:00:28,0.00%,0,$0.00 ,20180916
Washington,mobile,3,1,3,66.67%,1.33,0:04:08,0.00%,0,$0.00 ,20180916
Chapel Hill,tablet,3,2,4,25.00%,1.75,0:00:18,0.00%,0,$0.00 ,20180916
Charlotte,tablet,3,0,3,33.33%,1.67,0:03:46,0.00%,0,$0.00 ,20180916
Creedmoor,desktop,3,2,4,25.00%,3.5,0:04:21,0.00%,0,$0.00 ,20180916
Hillsborough,mobile,3,3,3,33.33%,1.67,0:00:06,0.00%,0,$0.00 ,20180916
Mebane,desktop,3,1,7,42.86%,1.57,0:00:06,0.00%,0,$0.00 ,20180916
Mebane,mobile,3,3,3,66.67%,1.67,0:02:49,0.00%,0,$0.00 ,20180916
Sylva,desktop,3,1,4,0.00%,2.25,0:03:33,0.00%,0,$0.00 ,20180916
Virginia Beach,mobile,3,2,6,66.67%,1.83,0:00:49,0.00%,0,$0.00 ,20180916
Seattle,mobile,3,1,3,33.33%,2,0:00:19,0.00%,0,$0.00 ,20180916
(not set),mobile,2,0,2,0.00%,3,0:03:26,0.00%,0,$0.00 ,20180916
Dania Beach,tablet,2,2,2,50.00%,1.5,0:00:05,0.00%,0,$0.00 ,20180916
Miami,mobile,2,2,2,50.00%,2.5,0:00:54,0.00%,0,$0.00 ,20180916
Atlanta,tablet,2,2,3,33.33%,2.33,0:04:33,0.00%,0,$0.00 ,20180916
Billerica,desktop,2,1,3,33.33%,2.67,0:01:03,0.00%,0,$0.00 ,20180916
Cashiers,desktop,2,0,3,100.00%,1,0:00:00,0.00%,0,$0.00 ,20180916
Chapel Hill,desktop,2,1,3,33.33%,1.67,0:00:05,0.00%,0,$0.00 ,20180916
Chapel Hill,mobile,2,0,2,50.00%,1.5,0:14:04,0.00%,0,$0.00 ,20180916
Clayton,tablet,2,1,2,0.00%,2,0:02:24,0.00%,0,$0.00 ,20180916
Creedmoor,tablet,2,1,2,0.00%,2,0:00:57,0.00%,0,$0.00 ,20180916
Greensboro,desktop,2,0,6,100.00%,1,0:00:00,0.00%,0,$0.00 ,20180916
Greensboro,mobile,2,1,2,50.00%,2,0:02:17,0.00%,0,$0.00 ,20180916
Greenville,mobile,2,0,2,100.00%,1,0:00:00,0.00%,0,$0.00 ,20180916
High Point,desktop,2,2,4,100.00%,1,0:00:00,0.00%,0,$0.00 ,20180916
Mebane,tablet,2,1,3,33.33%,1.67,0:01:17,0.00%,0,$0.00 ,20180916
Wake Forest,desktop,2,1,2,0.00%,2,0:05:46,0.00%,0,$0.00 ,20180916
Philadelphia,desktop,2,0,2,100.00%,1,0:00:00,0.00%,0,$0.00 ,20180916
Iwakuni,mobile,1,1,1,100.00%,1,0:00:00,0.00%,0,$0.00 ,20180916
Huntsville,mobile,1,0,1,0.00%,2,0:03:23,0.00%,0,$0.00 ,20180916
Montgomery,mobile,1,0,1,0.00%,2,0:00:07,0.00%,0,$0.00 ,20180916
New Haven,tablet,1,1,1,0.00%,2,0:00:11,0.00%,0,$0.00 ,20180916
Clayton,desktop,1,0,1,0.00%,4,0:03:31,0.00%,0,$0.00 ,20180916
Clayton,tablet,1,0,1,100.00%,1,0:00:00,0.00%,0,$0.00 ,20180916
Dania Beach,desktop,1,1,1,100.00%,1,0:00:00,0.00%,0,$0.00 ,20180916
Hollywood,tablet,1,0,1,100.00%,1,0:00:00,0.00%,0,$0.00 ,20180916
Orlando,mobile,1,0,2,0.00%,2,0:03:10,0.00%,0,$0.00 ,20180916
Pompano Beach,mobile,1,1,1,100.00%,1,0:00:00,0.00%,0,$0.00 ,20180916
Tallahassee,mobile,1,1,1,0.00%,2,0:14:38,0.00%,0,$0.00 ,20180916
Atlanta,desktop,1,0,1,0.00%,4,0:06:51,0.00%,0,$0.00 ,20180916
Kennesaw,desktop,1,0,2,0.00%,3,0:14:22,0.00%,0,$0.00 ,20180916
Marietta,mobile,1,1,1,100.00%,1,0:00:00,0.00%,0,$0.00 ,20180916
Overland Park,desktop,1,0,2,50.00%,1.5,0:00:31,0.00%,0,$0.00 ,20180916
Springfield,desktop,1,1,1,100.00%,1,0:00:00,0.00%,0,$0.00 ,20180916
Hyattsville,desktop,1,0,1,0.00%,2,0:00:03,0.00%,0,$0.00 ,20180916
Kansas City,desktop,1,1,1,0.00%,2,0:01:13,0.00%,0,$0.00 ,20180916
Black Mountain,desktop,1,0,1,100.00%,1,0:00:00,0.00%,0,$0.00 ,20180916
Cary,tablet,1,0,1,0.00%,2,0:00:10,0.00%,0,$0.00 ,20180916
Charlotte,desktop,1,0,1,0.00%,2,0:00:33,0.00%,0,$0.00 ,20180916
Cherokee,desktop,1,1,1,100.00%,1,0:00:00,0.00%,0,$0.00 ,20180916
Clayton,mobile,1,0,2,0.00%,3.5,0:06:14,0.00%,0,$0.00 ,20180916
Concord,mobile,1,1,1,0.00%,2,0:00:14,0.00%,0,$0.00 ,20180916
Eden,desktop,1,1,1,100.00%,1,0:00:00,0.00%,0,$0.00 ,20180916
Fayetteville,mobile,1,0,1,0.00%,2,0:02:14,0.00%,0,$0.00 ,20180916
Fort Bragg,mobile,1,0,1,100.00%,1,0:00:00,0.00%,0,$0.00 ,20180916
Goldsboro,tablet,1,1,1,100.00%,1,0:00:00,0.00%,0,$0.00 ,20180916
Graham,mobile,1,0,2,50.00%,3,0:02:40,0.00%,0,$0.00 ,20180916
Hayesville,desktop,1,0,1,100.00%,1,0:00:00,0.00%,0,$0.00 ,20180916
Henderson,mobile,1,1,2,100.00%,1,0:00:00,0.00%,0,$0.00 ,20180916
Henderson,tablet,1,0,2,100.00%,1,0:00:00,0.00%,0,$0.00 ,20180916
Hickory,desktop,1,1,1,0.00%,4,0:02:47,0.00%,0,$0.00 ,20180916
High Point,tablet,1,0,2,50.00%,1.5,0:00:45,0.00%,0,$0.00 ,20180916
Hillsborough,desktop,1,0,1,100.00%,1,0:00:00,0.00%,0,$0.00 ,20180916
Hillsborough,tablet,1,0,1,100.00%,1,0:00:00,0.00%,0,$0.00 ,20180916
Kernersville,tablet,1,1,1,0.00%,2,0:00:23,0.00%,0,$0.00 ,20180916
Knightdale,desktop,1,0,1,0.00%,2,0:00:15,0.00%,0,$0.00 ,20180916
Knightdale,mobile,1,1,1,100.00%,1,0:00:00,0.00%,0,$0.00 ,20180916
Mars Hill,desktop,1,0,6,33.33%,2.5,0:02:42,0.00%,0,$0.00 ,20180916
Morrisville,desktop,1,1,1,100.00%,1,0:00:00,0.00%,0,$0.00 ,20180916
Oxford,mobile,1,0,1,0.00%,2,0:00:09,0.00%,0,$0.00 ,20180916
Pinetown,desktop,1,1,1,100.00%,1,0:00:00,0.00%,0,$0.00 ,20180916
Robbinsville,mobile,1,1,3,66.67%,1.67,0:01:49,0.00%,0,$0.00 ,20180916
Roxboro,mobile,1,1,1,100.00%,1,0:00:00,0.00%,0,$0.00 ,20180916
Roxboro,tablet,1,0,1,100.00%,1,0:00:00,0.00%,0,$0.00 ,20180916
Swansboro,desktop,1,1,1,100.00%,1,0:00:00,0.00%,0,$0.00 ,20180916
Sylva,tablet,1,1,1,100.00%,1,0:00:00,0.00%,0,$0.00 ,20180916
Wake Forest,tablet,1,0,1,0.00%,2,0:01:45,0.00%,0,$0.00 ,20180916
Welcome,mobile,1,1,3,33.33%,3,0:01:16,0.00%,0,$0.00 ,20180916
Wendell,desktop,1,0,1,100.00%,1,0:00:00,0.00%,0,$0.00 ,20180916
Williamston,desktop,1,1,1,0.00%,2,0:13:27,0.00%,0,$0.00 ,20180916
Zebulon,desktop,1,1,1,0.00%,3,0:04:13,0.00%,0,$0.00 ,20180916
Geneseo,desktop,1,1,1,100.00%,1,0:00:00,0.00%,0,$0.00 ,20180916
New York,mobile,1,0,1,0.00%,2,0:02:57,0.00%,0,$0.00 ,20180916
New York,tablet,1,1,1,100.00%,1,0:00:00,0.00%,0,$0.00 ,20180916
Newburgh,tablet,1,0,2,50.00%,2,0:01:55,0.00%,0,$0.00 ,20180916
Poughkeepsie,mobile,1,1,2,100.00%,1,0:00:00,0.00%,0,$0.00 ,20180916
Cincinnati,tablet,1,0,1,0.00%,2,0:00:04,0.00%,0,$0.00 ,20180916
Greensburg,desktop,1,0,1,0.00%,4,0:01:23,0.00%,0,$0.00 ,20180916
Greensburg,mobile,1,0,1,100.00%,1,0:00:00,0.00%,0,$0.00 ,20180916
Pittsburgh,mobile,1,0,1,100.00%,1,0:00:00,0.00%,0,$0.00 ,20180916
Andrews,desktop,1,0,1,100.00%,1,0:00:00,0.00%,0,$0.00 ,20180916
Bennettsville,tablet,1,1,1,100.00%,1,0:00:00,0.00%,0,$0.00 ,20180916
Blythewood,mobile,1,0,3,66.67%,1.33,0:00:24,0.00%,0,$0.00 ,20180916
Blythewood,tablet,1,0,1,100.00%,1,0:00:00,0.00%,0,$0.00 ,20180916
Charleston,tablet,1,1,1,100.00%,1,0:00:00,0.00%,0,$0.00 ,20180916
Columbia,desktop,1,1,1,0.00%,7,0:22:45,0.00%,0,$0.00 ,20180916
Columbia,mobile,1,0,2,0.00%,3,0:04:38,0.00%,0,$0.00 ,20180916
Conway,desktop,1,0,1,0.00%,2,0:01:39,0.00%,0,$0.00 ,20180916
Myrtle Beach,mobile,1,0,1,0.00%,2,0:00:27,0.00%,0,$0.00 ,20180916
Carrollton,mobile,1,0,1,0.00%,2,0:00:04,0.00%,0,$0.00 ,20180916
Dallas,mobile,1,0,1,100.00%,1,0:00:00,0.00%,0,$0.00 ,20180916
Fort Worth,tablet,1,1,2,50.00%,1.5,0:03:31,0.00%,0,$0.00 ,20180916
Houston,mobile,1,1,1,100.00%,1,0:00:00,0.00%,0,$0.00 ,20180916
Texarkana,mobile,1,1,1,0.00%,2,0:00:32,0.00%,0,$0.00 ,20180916
Blacksburg,tablet,1,0,1,100.00%,1,0:00:00,0.00%,0,$0.00 ,20180916
Charlottesville,desktop,1,0,1,0.00%,3,0:29:53,0.00%,0,$0.00 ,20180916
Danville,mobile,1,1,2,0.00%,2,0:02:21,0.00%,0,$0.00 ,20180916
Gloucester County,mobile,1,0,1,100.00%,1,0:00:00,0.00%,0,$0.00 ,20180916
Newport News,mobile,1,0,1,0.00%,3,0:21:51,0.00%,0,$0.00 ,20180916
Norfolk,mobile,1,0,1,0.00%,2,0:00:04,0.00%,0,$0.00 ,20180916
Richmond,mobile,1,1,1,0.00%,2,0:00:29,0.00%,0,$0.00 ,20180916
Antigo,desktop,1,1,1,100.00%,1,0:00:00,0.00%,0,$0.00 ,20180916
Wautoma,mobile,1,0,1,100.00%,1,0:00:00,0.00%,0,$0.00 ,20180916
Camp Springs,mobile,1,1,1,100.00%,1,0:00:00,0.00%,0,$0.00 ,20180916
Friendly,tablet,1,0,1,0.00%,2,0:00:04,0.00%,0,$0.00 ,20180916
North Druid Hills,mobile,1,1,1,0.00%,2,0:00:01,0.00%,0,$0.00 ,20180916
Spokane Valley,desktop,1,0,1,100.00%,1,0:00:00,0.00%,0,$0.00 ,20180916
Saint Charles,tablet,1,0,1,0.00%,2,0:00:16,0.00%,0,$0.00 ,20180916
,,667,331,892,49.44%,2.14,0:03:20,0.00%,0,$0.00 ,20180916
Durham,mobile,82,34,113,44.25%,2.68,0:05:18,0.00%,0,$0.00 ,20180923
Durham,desktop,61,26,86,43.02%,2.33,0:04:06,0.00%,0,$0.00 ,20180923
Charlotte,mobile,39,17,64,46.88%,2.27,0:03:18,0.00%,0,$0.00 ,20180923
Durham,tablet,36,10,48,50.00%,2.42,0:03:41,0.00%,0,$0.00 ,20180923
Raleigh,mobile,18,7,21,76.19%,1.71,0:01:12,0.00%,0,$0.00 ,20180923
Atlanta,mobile,8,3,11,63.64%,2.36,0:08:11,0.00%,0,$0.00 ,20180923
Franklin,mobile,7,5,10,50.00%,3.2,0:04:10,0.00%,0,$0.00 ,20180923
Cary,mobile,6,3,7,14.29%,5,0:04:51,0.00%,0,$0.00 ,20180923
Franklin,desktop,6,3,8,50.00%,1.88,0:03:15,0.00%,0,$0.00 ,20180923
Washington,mobile,4,2,4,25.00%,6.5,0:02:03,0.00%,0,$0.00 ,20180923
Cary,desktop,4,0,4,50.00%,3,0:11:53,0.00%,0,$0.00 ,20180923
Mebane,mobile,4,3,5,60.00%,1.4,0:00:05,0.00%,0,$0.00 ,20180923
Raleigh,tablet,4,0,4,50.00%,2,0:07:55,0.00%,0,$0.00 ,20180923
Norfolk,mobile,4,3,4,25.00%,1.75,0:00:05,0.00%,0,$0.00 ,20180923
Charlotte,tablet,3,1,4,50.00%,2.25,0:09:06,0.00%,0,$0.00 ,20180923
Greensboro,mobile,3,2,4,25.00%,2.25,0:05:44,0.00%,0,$0.00 ,20180923
Hillsborough,desktop,3,3,5,60.00%,1.4,0:03:03,0.00%,0,$0.00 ,20180923
Mebane,desktop,3,2,6,16.67%,3,0:04:19,0.00%,0,$0.00 ,20180923
Raleigh,desktop,3,0,4,75.00%,1.25,0:00:01,0.00%,0,$0.00 ,20180923
Mount Laurel,mobile,3,2,9,44.44%,3.89,0:05:08,0.00%,0,$0.00 ,20180923
Fairport,mobile,3,3,4,75.00%,1.5,0:00:10,0.00%,0,$0.00 ,20180923
Virginia Beach,mobile,3,0,5,40.00%,2.4,0:07:37,0.00%,0,$0.00 ,20180923
Seattle,mobile,3,0,3,66.67%,1.33,0:00:38,0.00%,0,$0.00 ,20180923
Washington,desktop,2,1,2,50.00%,1.5,0:00:05,0.00%,0,$0.00 ,20180923
Miami,mobile,2,1,2,50.00%,2,0:12:24,0.00%,0,$0.00 ,20180923
Cary,tablet,2,1,3,0.00%,2.33,0:06:05,0.00%,0,$0.00 ,20180923
Charlotte,desktop,2,0,2,0.00%,2,0:12:00,0.00%,0,$0.00 ,20180923
Creedmoor,tablet,2,1,3,33.33%,3,0:09:44,0.00%,0,$0.00 ,20180923
Greensboro,desktop,2,1,2,50.00%,2,0:16:03,0.00%,0,$0.00 ,20180923
Henderson,desktop,2,0,2,50.00%,3.5,0:00:56,0.00%,0,$0.00 ,20180923
Hillsborough,tablet,2,1,2,0.00%,3.5,0:00:35,0.00%,0,$0.00 ,20180923
Sylva,desktop,2,1,4,25.00%,3.25,0:03:03,0.00%,0,$0.00 ,20180923
Sylva,mobile,2,0,2,0.00%,3,0:00:57,0.00%,0,$0.00 ,20180923
Wake Forest,tablet,2,0,2,50.00%,1.5,0:00:05,0.00%,0,$0.00 ,20180923
Harrison,desktop,2,2,2,100.00%,1,0:00:00,0.00%,0,$0.00 ,20180923
New York,mobile,2,0,5,40.00%,2.6,0:01:52,0.00%,0,$0.00 ,20180923
New York,tablet,2,1,6,66.67%,1.83,0:00:41,0.00%,0,$0.00 ,20180923
(not set),desktop,1,0,1,0.00%,3,0:22:09,0.00%,0,$0.00 ,20180923
(not set),mobile,1,1,2,0.00%,2.5,0:10:58,0.00%,0,$0.00 ,20180923
Surprise,tablet,1,1,1,0.00%,6,0:02:58,0.00%,0,$0.00 ,20180923
San Diego,mobile,1,0,1,0.00%,3,0:14:58,0.00%,0,$0.00 ,20180923
Washington,tablet,1,0,1,0.00%,2,0:00:12,0.00%,0,$0.00 ,20180923
Merritt Island,desktop,1,1,1,100.00%,1,0:00:00,0.00%,0,$0.00 ,20180923
Panama City,mobile,1,1,1,100.00%,1,0:00:00,0.00%,0,$0.00 ,20180923
Winter Haven,tablet,1,1,2,0.00%,3.5,0:02:29,0.00%,0,$0.00 ,20180923
Kennesaw,desktop,1,0,3,0.00%,4.33,0:23:53,0.00%,0,$0.00 ,20180923
Smyrna,mobile,1,1,1,0.00%,3,0:00:38,0.00%,0,$0.00 ,20180923
Chicago,mobile,1,1,1,100.00%,1,0:00:00,0.00%,0,$0.00 ,20180923
West Lafayette,tablet,1,1,1,0.00%,2,0:00:59,0.00%,0,$0.00 ,20180923
Hyattsville,desktop,1,0,1,0.00%,4,0:00:39,0.00%,0,$0.00 ,20180923
Branson,mobile,1,1,6,66.67%,2.5,0:01:59,0.00%,0,$0.00 ,20180923
Kansas City,mobile,1,1,1,100.00%,1,0:00:00,0.00%,0,$0.00 ,20180923
St. Louis,mobile,1,1,1,100.00%,1,0:00:00,0.00%,0,$0.00 ,20180923
Boone,desktop,1,1,1,100.00%,1,0:00:00,0.00%,0,$0.00 ,20180923
Burlington,desktop,1,1,1,100.00%,1,0:00:00,0.00%,0,$0.00 ,20180923
Cashiers,desktop,1,0,4,25.00%,3.25,0:09:15,0.00%,0,$0.00 ,20180923
Chapel Hill,desktop,1,0,1,100.00%,1,0:00:00,0.00%,0,$0.00 ,20180923
Chapel Hill,mobile,1,1,3,66.67%,2.33,0:02:47,0.00%,0,$0.00 ,20180923
Cherokee,desktop,1,0,1,100.00%,1,0:00:00,0.00%,0,$0.00 ,20180923
Creedmoor,desktop,1,0,1,0.00%,2,0:00:19,0.00%,0,$0.00 ,20180923
Creedmoor,mobile,1,0,1,100.00%,1,0:00:00,0.00%,0,$0.00 ,20180923
Franklin,tablet,1,1,1,0.00%,2,0:03:55,0.00%,0,$0.00 ,20180923
Graham,mobile,1,0,1,100.00%,1,0:00:00,0.00%,0,$0.00 ,20180923
Greenville,desktop,1,1,1,0.00%,2,0:00:10,0.00%,0,$0.00 ,20180923
Greenville,mobile,1,1,1,100.00%,1,0:00:00,0.00%,0,$0.00 ,20180923
Jacksonville,tablet,1,0,1,0.00%,2,0:00:07,0.00%,0,$0.00 ,20180923
Kernersville,mobile,1,1,1,0.00%,2,0:02:39,0.00%,0,$0.00 ,20180923
Kill Devil Hills,mobile,1,0,1,0.00%,5,0:27:00,0.00%,0,$0.00 ,20180923
Knightdale,desktop,1,0,1,0.00%,4,0:30:11,0.00%,0,$0.00 ,20180923
Mars Hill,desktop,1,0,1,100.00%,1,0:00:00,0.00%,0,$0.00 ,20180923
Mebane,tablet,1,0,1,0.00%,3,0:01:53,0.00%,0,$0.00 ,20180923
Ocean Isle Beach,mobile,1,0,1,0.00%,3,0:08:41,0.00%,0,$0.00 ,20180923
Oxford,mobile,1,0,2,50.00%,1.5,0:00:16,0.00%,0,$0.00 ,20180923
Williamston,desktop,1,0,1,100.00%,1,0:00:00,0.00%,0,$0.00 ,20180923
Williamston,mobile,1,0,1,0.00%,3,0:18:02,0.00%,0,$0.00 ,20180923
Wilmington,mobile,1,0,1,100.00%,1,0:00:00,0.00%,0,$0.00 ,20180923
Winston-Salem,mobile,1,0,1,100.00%,1,0:00:00,0.00%,0,$0.00 ,20180923
Winston-Salem,tablet,1,0,1,100.00%,1,0:00:00,0.00%,0,$0.00 ,20180923
New York,desktop,1,1,2,50.00%,1.5,0:00:05,0.00%,0,$0.00 ,20180923
Newburgh,tablet,1,0,1,100.00%,1,0:00:00,0.00%,0,$0.00 ,20180923
Cincinnati,tablet,1,0,1,0.00%,2,0:00:05,0.00%,0,$0.00 ,20180923
Oklahoma City,desktop,1,1,1,100.00%,1,0:00:00,0.00%,0,$0.00 ,20180923
Ligonier,desktop,1,0,1,100.00%,1,0:00:00,0.00%,0,$0.00 ,20180923
Mountville,tablet,1,1,1,0.00%,2,0:00:05,0.00%,0,$0.00 ,20180923
Philadelphia,desktop,1,0,1,100.00%,1,0:00:00,0.00%,0,$0.00 ,20180923
Philadelphia,mobile,1,1,1,0.00%,3,0:06:12,0.00%,0,$0.00 ,20180923
Pittsburgh,mobile,1,0,1,100.00%,1,0:00:00,0.00%,0,$0.00 ,20180923
Conway,desktop,1,0,1,0.00%,2,0:02:48,0.00%,0,$0.00 ,20180923
Clarksville,mobile,1,1,2,100.00%,1,0:00:00,0.00%,0,$0.00 ,20180923
Gatlinburg,tablet,1,0,2,100.00%,1,0:00:00,0.00%,0,$0.00 ,20180923
Nashville,desktop,1,1,1,100.00%,1,0:00:00,0.00%,0,$0.00 ,20180923
Austin,mobile,1,1,1,100.00%,1,0:00:00,0.00%,0,$0.00 ,20180923
Carrollton,mobile,1,0,1,0.00%,9,0:17:37,0.00%,0,$0.00 ,20180923
Dallas,mobile,1,0,1,100.00%,1,0:00:00,0.00%,0,$0.00 ,20180923
Blacksburg,tablet,1,0,2,50.00%,1.5,0:04:34,0.00%,0,$0.00 ,20180923
Gloucester County,mobile,1,0,2,50.00%,2,0:05:29,0.00%,0,$0.00 ,20180923
Norfolk,tablet,1,1,1,0.00%,2,0:00:03,0.00%,0,$0.00 ,20180923
Friendly,tablet,1,0,1,0.00%,2,0:00:02,0.00%,0,$0.00 ,20180923
North Druid Hills,desktop,1,0,1,0.00%,2,0:00:05,0.00%,0,$0.00 ,20180923
Okaloosa Island,mobile,1,0,1,100.00%,1,0:00:00,0.00%,0,$0.00 ,20180923
Panthersville,mobile,1,1,2,0.00%,3.5,0:01:52,0.00%,0,$0.00 ,20180923
Tysons,mobile,1,1,2,50.00%,2.5,0:03:33,0.00%,0,$0.00 ,20180923
,,403,167,559,46.69%,2.43,0:04:11,0.00%,0,$0.00 ,20180923
Durham,desktop,76,31,89,40.45%,2.31,0:03:14,0.00%,0,$0.00 ,20180930
Durham,mobile,63,24,87,40.23%,2.59,0:05:14,0.00%,0,$0.00 ,20180930
Charlotte,mobile,41,17,51,45.10%,2.25,0:04:15,0.00%,0,$0.00 ,20180930
Durham,tablet,41,15,51,45.10%,2.73,0:05:37,0.00%,0,$0.00 ,20180930
Raleigh,mobile,16,8,22,68.18%,1.41,0:01:32,0.00%,0,$0.00 ,20180930
Atlanta,mobile,14,10,19,47.37%,2.63,0:04:26,0.00%,0,$0.00 ,20180930
Raleigh,desktop,10,3,18,55.56%,1.5,0:01:12,0.00%,0,$0.00 ,20180930
Franklin,mobile,8,5,11,63.64%,1.55,0:00:21,0.00%,0,$0.00 ,20180930
Raleigh,tablet,7,3,7,42.86%,1.71,0:03:22,0.00%,0,$0.00 ,20180930
Winston-Salem,mobile,5,4,9,66.67%,2.22,0:03:01,0.00%,0,$0.00 ,20180930
Cary,desktop,4,0,4,75.00%,2.25,0:00:35,0.00%,0,$0.00 ,20180930
Chapel Hill,desktop,4,2,9,44.44%,1.56,0:00:26,0.00%,0,$0.00 ,20180930
Franklin,desktop,4,2,4,50.00%,1.5,0:00:11,0.00%,0,$0.00 ,20180930
Greensboro,desktop,4,3,4,50.00%,2,0:00:35,0.00%,0,$0.00 ,20180930
Mebane,mobile,4,3,6,33.33%,2.83,0:09:01,0.00%,0,$0.00 ,20180930
New York,mobile,4,1,8,62.50%,3.88,0:09:41,0.00%,0,$0.00 ,20180930
Miami,mobile,3,1,3,66.67%,2.33,0:01:46,0.00%,0,$0.00 ,20180930
Atlanta,desktop,3,1,3,0.00%,4,0:05:31,0.00%,0,$0.00 ,20180930
Franklin,tablet,3,0,5,40.00%,2.6,0:05:08,0.00%,0,$0.00 ,20180930
Smithfield,mobile,3,2,6,50.00%,3,0:04:50,0.00%,0,$0.00 ,20180930
Winston-Salem,desktop,3,1,3,66.67%,1.33,0:00:25,0.00%,0,$0.00 ,20180930
Orlando,mobile,2,2,2,50.00%,5,0:02:05,0.00%,0,$0.00 ,20180930
Cary,mobile,2,1,2,50.00%,4.5,0:41:20,0.00%,0,$0.00 ,20180930
Chapel Hill,mobile,2,2,2,0.00%,2,0:01:29,0.00%,0,$0.00 ,20180930
Charlotte,tablet,2,0,3,66.67%,1.67,0:00:52,0.00%,0,$0.00 ,20180930
Fayetteville,mobile,2,2,2,50.00%,1.5,0:00:02,0.00%,0,$0.00 ,20180930
Greensboro,mobile,2,1,4,0.00%,3,0:04:47,0.00%,0,$0.00 ,20180930
High Point,tablet,2,0,3,33.33%,2.33,0:09:42,0.00%,0,$0.00 ,20180930
Mebane,desktop,2,1,3,0.00%,2.67,0:02:43,0.00%,0,$0.00 ,20180930
Seattle,mobile,2,0,3,33.33%,2.33,0:02:50,0.00%,0,$0.00 ,20180930
(not set),mobile,1,0,1,0.00%,2,0:25:08,0.00%,0,$0.00 ,20180930
Washington,mobile,1,1,1,100.00%,1,0:00:00,0.00%,0,$0.00 ,20180930
Clayton,tablet,1,0,4,75.00%,1.25,0:00:10,0.00%,0,$0.00 ,20180930
Destin,mobile,1,0,1,100.00%,1,0:00:00,0.00%,0,$0.00 ,20180930
Tallahassee,mobile,1,0,1,100.00%,1,0:00:00,0.00%,0,$0.00 ,20180930
Kennesaw,desktop,1,0,3,0.00%,2,0:00:06,0.00%,0,$0.00 ,20180930
Chicago,desktop,1,0,1,100.00%,1,0:00:00,0.00%,0,$0.00 ,20180930
Hyattsville,desktop,1,0,1,0.00%,2,0:00:04,0.00%,0,$0.00 ,20180930
Suitland-Silver Hill,mobile,1,1,2,50.00%,2.5,0:08:58,0.00%,0,$0.00 ,20180930
Apex,desktop,1,1,1,0.00%,3,0:01:25,0.00%,0,$0.00 ,20180930
Apex,tablet,1,1,1,0.00%,2,0:00:05,0.00%,0,$0.00 ,20180930
Black Mountain,desktop,1,0,2,100.00%,1,0:00:00,0.00%,0,$0.00 ,20180930
Burlington,mobile,1,0,1,100.00%,1,0:00:00,0.00%,0,$0.00 ,20180930
Cary,tablet,1,1,1,0.00%,2,0:00:02,0.00%,0,$0.00 ,20180930
Cashiers,desktop,1,0,4,75.00%,1.5,0:00:10,0.00%,0,$0.00 ,20180930
Concord,mobile,1,0,2,0.00%,4,0:05:18,0.00%,0,$0.00 ,20180930
Cornelius,mobile,1,1,2,100.00%,1,0:00:00,0.00%,0,$0.00 ,20180930
Creedmoor,desktop,1,0,1,0.00%,2,0:00:11,0.00%,0,$0.00 ,20180930
Fayetteville,desktop,1,0,1,0.00%,2,0:00:10,0.00%,0,$0.00 ,20180930
Greenville,desktop,1,1,2,50.00%,1.5,0:13:43,0.00%,0,$0.00 ,20180930
Greenville,mobile,1,1,1,0.00%,2,0:01:15,0.00%,0,$0.00 ,20180930
Henderson,desktop,1,1,1,100.00%,1,0:00:00,0.00%,0,$0.00 ,20180930
Henderson,tablet,1,0,1,100.00%,1,0:00:00,0.00%,0,$0.00 ,20180930
Hillsborough,desktop,1,0,1,0.00%,2,0:00:15,0.00%,0,$0.00 ,20180930
Hillsborough,tablet,1,0,1,100.00%,1,0:00:00,0.00%,0,$0.00 ,20180930
Knightdale,desktop,1,0,1,0.00%,2,0:00:09,0.00%,0,$0.00 ,20180930
Knightdale,mobile,1,1,1,0.00%,3,0:00:33,0.00%,0,$0.00 ,20180930
Laurinburg,mobile,1,1,1,0.00%,2,0:03:55,0.00%,0,$0.00 ,20180930
Morrisville,desktop,1,1,1,100.00%,1,0:00:00,0.00%,0,$0.00 ,20180930
Ocean Isle Beach,mobile,1,0,1,100.00%,1,0:00:00,0.00%,0,$0.00 ,20180930
Oxford,mobile,1,0,2,0.00%,2,0:00:06,0.00%,0,$0.00 ,20180930
Pittsboro,mobile,1,0,1,100.00%,1,0:00:00,0.00%,0,$0.00 ,20180930
Rocky Mount,mobile,1,1,2,50.00%,2.5,0:04:59,0.00%,0,$0.00 ,20180930
Roxboro,desktop,1,1,1,100.00%,1,0:00:00,0.00%,0,$0.00 ,20180930
Smithfield,desktop,1,0,1,100.00%,1,0:00:00,0.00%,0,$0.00 ,20180930
Spring Hope,mobile,1,1,2,100.00%,1,0:00:00,0.00%,0,$0.00 ,20180930
Sylva,desktop,1,0,1,100.00%,1,0:00:00,0.00%,0,$0.00 ,20180930
Sylva,mobile,1,0,1,0.00%,2,0:01:02,0.00%,0,$0.00 ,20180930
Wake Forest,tablet,1,0,3,33.33%,2,0:01:11,0.00%,0,$0.00 ,20180930
Whiteville,mobile,1,0,1,100.00%,1,0:00:00,0.00%,0,$0.00 ,20180930
Whittier,desktop,1,0,2,100.00%,1,0:00:00,0.00%,0,$0.00 ,20180930
Williamston,desktop,1,0,1,0.00%,2,0:11:29,0.00%,0,$0.00 ,20180930
Wilmington,desktop,1,0,1,0.00%,2,0:00:07,0.00%,0,$0.00 ,20180930
Winston-Salem,tablet,1,0,1,100.00%,1,0:00:00,0.00%,0,$0.00 ,20180930
Harrison,desktop,1,1,1,100.00%,1,0:00:00,0.00%,0,$0.00 ,20180930
New York,tablet,1,0,2,100.00%,1,0:00:00,0.00%,0,$0.00 ,20180930
Newburgh,tablet,1,0,2,50.00%,2.5,0:10:07,0.00%,0,$0.00 ,20180930
Sound Beach,mobile,1,1,1,0.00%,3,0:01:49,0.00%,0,$0.00 ,20180930
Cincinnati,tablet,1,0,1,0.00%,3,0:01:55,0.00%,0,$0.00 ,20180930
Philadelphia,desktop,1,0,2,100.00%,1,0:00:00,0.00%,0,$0.00 ,20180930
Andrews,desktop,1,0,1,100.00%,1,0:00:00,0.00%,0,$0.00 ,20180930
Blythewood,mobile,1,0,1,100.00%,1,0:00:00,0.00%,0,$0.00 ,20180930
Conway,desktop,1,0,2,100.00%,1,0:00:00,0.00%,0,$0.00 ,20180930
Mount Pleasant,tablet,1,1,1,0.00%,5,0:34:58,0.00%,0,$0.00 ,20180930
North Charleston,mobile,1,0,1,100.00%,1,0:00:00,0.00%,0,$0.00 ,20180930
Austin,desktop,1,0,1,100.00%,1,0:00:00,0.00%,0,$0.00 ,20180930
Austin,mobile,1,1,2,0.00%,3,0:06:10,0.00%,0,$0.00 ,20180930
Dallas,mobile,1,0,1,0.00%,2,0:07:00,0.00%,0,$0.00 ,20180930
Houston,mobile,1,1,1,100.00%,1,0:00:00,0.00%,0,$0.00 ,20180930
Plano,mobile,1,1,1,100.00%,1,0:00:00,0.00%,0,$0.00 ,20180930
Chester,mobile,1,1,1,0.00%,5,0:06:28,0.00%,0,$0.00 ,20180930
Norfolk,mobile,1,0,1,100.00%,1,0:00:00,0.00%,0,$0.00 ,20180930
Norfolk,tablet,1,0,3,66.67%,1.33,0:00:01,0.00%,0,$0.00 ,20180930
Virginia Beach,mobile,1,1,1,0.00%,2,0:14:21,0.00%,0,$0.00 ,20180930
Huntington,tablet,1,0,1,100.00%,1,0:00:00,0.00%,0,$0.00 ,20180930
Fearrington,mobile,1,0,1,0.00%,4,0:05:09,0.00%,0,$0.00 ,20180930
Fearrington,tablet,1,1,1,100.00%,1,0:00:00,0.00%,0,$0.00 ,20180930
Friendly,tablet,1,0,1,0.00%,2,0:00:22,0.00%,0,$0.00 ,20180930
North Druid Hills,mobile,1,0,1,0.00%,3,0:01:18,0.00%,0,$0.00 ,20180930
Panthersville,mobile,1,0,2,100.00%,1,0:00:00,0.00%,0,$0.00 ,20180930
Woodfin,mobile,1,0,1,100.00%,1,0:00:00,0.00%,0,$0.00 ,20180930
,,409,169,541,47.50%,2.24,0:03:46,0.00%,0,$0.00 ,20180930
Durham,mobile,68,28,91,39.56%,2.63,0:06:09,0.00%,0,$0.00 ,20181007
Durham,desktop,61,22,79,58.23%,1.78,0:01:16,0.00%,0,$0.00 ,20181007
Charlotte,mobile,36,15,46,52.17%,2.04,0:03:34,0.00%,0,$0.00 ,20181007
Durham,tablet,28,9,41,60.98%,1.66,0:02:09,0.00%,0,$0.00 ,20181007
Atlanta,mobile,13,8,14,57.14%,2.71,0:07:30,0.00%,0,$0.00 ,20181007
Mebane,mobile,9,7,12,75.00%,1.33,0:02:05,0.00%,0,$0.00 ,20181007
Raleigh,mobile,8,4,11,63.64%,1.82,0:02:25,0.00%,0,$0.00 ,20181007
Franklin,mobile,7,4,7,57.14%,1.43,0:00:14,0.00%,0,$0.00 ,20181007
Raleigh,desktop,7,2,12,41.67%,2.08,0:05:00,0.00%,0,$0.00 ,20181007
Chapel Hill,mobile,4,3,7,71.43%,1.57,0:04:43,0.00%,0,$0.00 ,20181007
Franklin,desktop,4,0,7,14.29%,3,0:07:23,0.00%,0,$0.00 ,20181007
Franklin,tablet,4,0,6,33.33%,2,0:02:52,0.00%,0,$0.00 ,20181007
Charlotte,tablet,3,1,4,25.00%,2.75,0:02:29,0.00%,0,$0.00 ,20181007
Raleigh,tablet,3,2,7,71.43%,1.57,0:00:44,0.00%,0,$0.00 ,20181007
Wake Forest,tablet,3,1,4,50.00%,3.25,0:07:36,0.00%,0,$0.00 ,20181007
Norfolk,mobile,3,0,5,40.00%,4.2,0:05:33,0.00%,0,$0.00 ,20181007
Birmingham,mobile,2,1,2,100.00%,1,0:00:00,0.00%,0,$0.00 ,20181007
Washington,mobile,2,1,2,50.00%,3.5,0:04:56,0.00%,0,$0.00 ,20181007
Cary,desktop,2,0,2,100.00%,1,0:00:00,0.00%,0,$0.00 ,20181007
Chapel Hill,tablet,2,1,2,0.00%,4.5,0:02:32,0.00%,0,$0.00 ,20181007
Creedmoor,desktop,2,0,6,0.00%,4.83,0:05:30,0.00%,0,$0.00 ,20181007
Garner,mobile,2,1,4,75.00%,1.25,0:03:37,0.00%,0,$0.00 ,20181007
Henderson,mobile,2,2,2,100.00%,1,0:00:00,0.00%,0,$0.00 ,20181007
Mebane,desktop,2,1,2,0.00%,3,0:00:57,0.00%,0,$0.00 ,20181007
Myrtle Beach,mobile,2,1,3,66.67%,2,0:03:00,0.00%,0,$0.00 ,20181007
Dallas,mobile,2,1,2,0.00%,6,0:07:31,0.00%,0,$0.00 ,20181007
Virginia Beach,mobile,2,0,2,0.00%,11,0:09:14,0.00%,0,$0.00 ,20181007
Saint-Brieuc,desktop,1,1,1,100.00%,1,0:00:00,0.00%,0,$0.00 ,20181007
Corona,mobile,1,0,1,100.00%,1,0:00:00,0.00%,0,$0.00 ,20181007
Los Angeles,mobile,1,1,2,50.00%,3,0:14:36,0.00%,0,$0.00 ,20181007
San Francisco,mobile,1,1,1,100.00%,1,0:00:00,0.00%,0,$0.00 ,20181007
Clayton,desktop,1,0,1,0.00%,3,0:13:07,0.00%,0,$0.00 ,20181007
Merritt Island,desktop,1,0,2,0.00%,2,0:00:32,0.00%,0,$0.00 ,20181007
Orlando,mobile,1,0,1,0.00%,13,0:08:58,0.00%,0,$0.00 ,20181007
Perry,mobile,1,1,1,100.00%,1,0:00:00,0.00%,0,$0.00 ,20181007
Atlanta,tablet,1,1,1,0.00%,4,0:04:59,0.00%,0,$0.00 ,20181007
Columbus,desktop,1,0,1,100.00%,1,0:00:00,0.00%,0,$0.00 ,20181007
Duluth,mobile,1,1,1,0.00%,2,0:00:02,0.00%,0,$0.00 ,20181007
Marietta,desktop,1,0,2,0.00%,3,0:00:40,0.00%,0,$0.00 ,20181007
Riverdale,desktop,1,1,1,100.00%,1,0:00:00,0.00%,0,$0.00 ,20181007
Smyrna,mobile,1,0,1,0.00%,7,0:02:49,0.00%,0,$0.00 ,20181007
Chicago,desktop,1,0,1,100.00%,1,0:00:00,0.00%,0,$0.00 ,20181007
Chicago,mobile,1,0,2,0.00%,5.5,0:01:21,0.00%,0,$0.00 ,20181007
Louisville,tablet,1,1,1,0.00%,2,0:00:24,0.00%,0,$0.00 ,20181007
Bowie,mobile,1,1,2,50.00%,2,0:03:26,0.00%,0,$0.00 ,20181007
Belhaven,desktop,1,1,1,0.00%,2,0:06:21,0.00%,0,$0.00 ,20181007
Carrboro,desktop,1,0,1,100.00%,1,0:00:00,0.00%,0,$0.00 ,20181007
Cary,mobile,1,1,1,0.00%,2,0:00:10,0.00%,0,$0.00 ,20181007
Cashiers,desktop,1,0,2,50.00%,1.5,0:11:12,0.00%,0,$0.00 ,20181007
Charlotte,desktop,1,0,1,100.00%,1,0:00:00,0.00%,0,$0.00 ,20181007
Cullowhee,desktop,1,0,2,100.00%,1,0:00:00,0.00%,0,$0.00 ,20181007
Eden,mobile,1,1,1,0.00%,4,0:12:52,0.00%,0,$0.00 ,20181007
Fayetteville,mobile,1,0,1,0.00%,6,0:35:24,0.00%,0,$0.00 ,20181007
Gatesville,desktop,1,0,1,0.00%,2,0:00:13,0.00%,0,$0.00 ,20181007
Greensboro,mobile,1,1,1,0.00%,4,0:00:15,0.00%,0,$0.00 ,20181007
Hillsborough,desktop,1,1,2,50.00%,1.5,0:04:41,0.00%,0,$0.00 ,20181007
Hillsborough,mobile,1,0,1,0.00%,5,0:03:04,0.00%,0,$0.00 ,20181007
Jacksonville,desktop,1,1,1,100.00%,1,0:00:00,0.00%,0,$0.00 ,20181007
Knightdale,desktop,1,0,1,0.00%,2,0:00:10,0.00%,0,$0.00 ,20181007
Knightdale,mobile,1,1,2,50.00%,3.5,0:05:32,0.00%,0,$0.00 ,20181007
Mebane,tablet,1,0,1,100.00%,1,0:00:00,0.00%,0,$0.00 ,20181007
Murphy,mobile,1,0,2,50.00%,1.5,0:00:18,0.00%,0,$0.00 ,20181007
Oxford,desktop,1,0,1,100.00%,1,0:00:00,0.00%,0,$0.00 ,20181007
Oxford,mobile,1,0,1,0.00%,2,0:00:07,0.00%,0,$0.00 ,20181007
Reidsville,mobile,1,1,2,0.00%,2,0:00:06,0.00%,0,$0.00 ,20181007
Roanoke Rapids,mobile,1,1,1,0.00%,2,0:00:16,0.00%,0,$0.00 ,20181007
Smithfield,mobile,1,0,1,100.00%,1,0:00:00,0.00%,0,$0.00 ,20181007
Swannanoa,desktop,1,0,1,100.00%,1,0:00:00,0.00%,0,$0.00 ,20181007
Sylva,desktop,1,0,1,100.00%,1,0:00:00,0.00%,0,$0.00 ,20181007
Sylva,mobile,1,0,3,33.33%,3.67,0:11:27,0.00%,0,$0.00 ,20181007
Wendell,desktop,1,0,1,100.00%,1,0:00:00,0.00%,0,$0.00 ,20181007
Whiteville,mobile,1,0,1,0.00%,3,0:04:04,0.00%,0,$0.00 ,20181007
Williamston,desktop,1,1,1,100.00%,1,0:00:00,0.00%,0,$0.00 ,20181007
Wilmington,desktop,1,0,2,50.00%,2,0:08:05,0.00%,0,$0.00 ,20181007
Wilmington,mobile,1,1,1,0.00%,14,0:36:23,0.00%,0,$0.00 ,20181007
East Orange,mobile,1,1,2,50.00%,4.5,0:05:44,0.00%,0,$0.00 ,20181007
Newark,mobile,1,1,1,0.00%,2,0:05:55,0.00%,0,$0.00 ,20181007
Newburgh,tablet,1,0,2,50.00%,1.5,0:00:05,0.00%,0,$0.00 ,20181007
Blue Bell,desktop,1,0,1,0.00%,2,0:00:06,0.00%,0,$0.00 ,20181007
Monessen,tablet,1,1,1,100.00%,1,0:00:00,0.00%,0,$0.00 ,20181007
Philadelphia,desktop,1,0,1,100.00%,1,0:00:00,0.00%,0,$0.00 ,20181007
Pittsburgh,mobile,1,0,1,100.00%,1,0:00:00,0.00%,0,$0.00 ,20181007
Andrews,desktop,1,0,1,100.00%,1,0:00:00,0.00%,0,$0.00 ,20181007
Blythewood,mobile,1,0,1,100.00%,1,0:00:00,0.00%,0,$0.00 ,20181007
North Myrtle Beach,mobile,1,0,2,50.00%,4,0:03:39,0.00%,0,$0.00 ,20181007
Knoxville,tablet,1,1,2,0.00%,2.5,0:09:19,0.00%,0,$0.00 ,20181007
Annandale,desktop,1,0,1,0.00%,2,0:00:04,0.00%,0,$0.00 ,20181007
Blacksburg,tablet,1,1,1,0.00%,2,0:00:04,0.00%,0,$0.00 ,20181007
Charlottesville,desktop,1,0,1,0.00%,2,0:00:27,0.00%,0,$0.00 ,20181007
Glen Allen,mobile,1,1,1,0.00%,10,0:10:12,0.00%,0,$0.00 ,20181007
Norfolk,tablet,1,0,2,50.00%,2.5,0:08:17,0.00%,0,$0.00 ,20181007
Virginia Beach,tablet,1,0,1,0.00%,2,0:00:04,0.00%,0,$0.00 ,20181007
Redmond,mobile,1,1,1,0.00%,7,0:09:19,0.00%,0,$0.00 ,20181007
Candler-McAfee,mobile,1,0,2,50.00%,2,0:01:17,0.00%,0,$0.00 ,20181007
Dock Junction,mobile,1,1,2,50.00%,10.5,0:04:53,0.00%,0,$0.00 ,20181007
Friendly,tablet,1,0,1,0.00%,2,0:00:11,0.00%,0,$0.00 ,20181007
North Druid Hills,desktop,1,0,2,0.00%,18,0:30:12,0.00%,0,$0.00 ,20181007
North Druid Hills,mobile,1,0,1,0.00%,2,0:00:02,0.00%,0,$0.00 ,20181007
Socastee,tablet,1,1,1,0.00%,2,0:09:07,0.00%,0,$0.00 ,20181007
Saint Charles,mobile,1,1,1,0.00%,2,0:00:14,0.00%,0,$0.00 ,20181007
,,356,145,477,48.64%,2.41,0:03:51,0.00%,0,$0.00 ,20181007
Durham,mobile,88,36,115,50.43%,2.42,0:04:15,0.00%,0,$0.00 ,20181014
Durham,desktop,68,24,78,53.85%,1.79,0:01:50,0.00%,0,$0.00 ,20181014
Durham,tablet,41,24,60,41.67%,2.52,0:03:56,0.00%,0,$0.00 ,20181014
Charlotte,mobile,37,15,49,57.14%,2.08,0:03:21,0.00%,0,$0.00 ,20181014
Raleigh,mobile,15,9,25,52.00%,2.2,0:06:02,0.00%,0,$0.00 ,20181014
Atlanta,mobile,11,8,13,30.77%,2.31,0:03:56,0.00%,0,$0.00 ,20181014
Raleigh,desktop,9,3,14,64.29%,1.57,0:02:33,0.00%,0,$0.00 ,20181014
Franklin,mobile,8,5,10,60.00%,1.5,0:00:41,0.00%,0,$0.00 ,20181014
Cary,mobile,6,3,10,20.00%,4.7,0:07:10,0.00%,0,$0.00 ,20181014
Chapel Hill,desktop,6,1,7,28.57%,1.71,0:00:15,0.00%,0,$0.00 ,20181014
Birmingham,mobile,5,1,7,57.14%,2,0:01:27,0.00%,0,$0.00 ,20181014
Cary,desktop,5,3,5,80.00%,1.2,0:00:47,0.00%,0,$0.00 ,20181014
Chapel Hill,mobile,4,1,4,75.00%,1.5,0:06:33,0.00%,0,$0.00 ,20181014
Franklin,desktop,4,1,5,40.00%,2.4,0:09:31,0.00%,0,$0.00 ,20181014
Washington,mobile,3,1,5,60.00%,1.6,0:00:21,0.00%,0,$0.00 ,20181014
Charlotte,tablet,3,3,4,75.00%,1.25,0:00:13,0.00%,0,$0.00 ,20181014
Creedmoor,tablet,3,0,3,33.33%,2.67,0:11:04,0.00%,0,$0.00 ,20181014
Franklin,tablet,3,1,3,66.67%,1.33,0:01:14,0.00%,0,$0.00 ,20181014
Greensboro,mobile,3,2,3,100.00%,1,0:00:00,0.00%,0,$0.00 ,20181014
Raleigh,tablet,3,1,3,33.33%,1.67,0:01:05,0.00%,0,$0.00 ,20181014
Wake Forest,tablet,3,0,5,40.00%,2.4,0:05:51,0.00%,0,$0.00 ,20181014
Winston-Salem,desktop,3,1,3,66.67%,1.33,0:02:05,0.00%,0,$0.00 ,20181014
New York,mobile,3,1,3,33.33%,2,0:01:02,0.00%,0,$0.00 ,20181014
Washington,tablet,2,1,2,0.00%,2,0:16:29,0.00%,0,$0.00 ,20181014
Chicago,mobile,2,1,2,100.00%,1,0:00:00,0.00%,0,$0.00 ,20181014
Clayton,mobile,2,1,3,66.67%,1.33,0:00:02,0.00%,0,$0.00 ,20181014
Creedmoor,desktop,2,1,2,50.00%,1.5,0:00:05,0.00%,0,$0.00 ,20181014
Creedmoor,mobile,2,0,4,25.00%,2,0:01:47,0.00%,0,$0.00 ,20181014
Fayetteville,mobile,2,1,2,100.00%,1,0:00:00,0.00%,0,$0.00 ,20181014
High Point,tablet,2,0,2,50.00%,1.5,0:00:02,0.00%,0,$0.00 ,20181014
Mebane,desktop,2,0,2,0.00%,2.5,0:00:16,0.00%,0,$0.00 ,20181014
Mebane,tablet,2,0,2,50.00%,1.5,0:00:02,0.00%,0,$0.00 ,20181014
Sylva,mobile,2,0,3,33.33%,2.67,0:03:48,0.00%,0,$0.00 ,20181014
Cincinnati,mobile,2,0,2,100.00%,1,0:00:00,0.00%,0,$0.00 ,20181014
Ashburn,desktop,2,2,2,100.00%,1,0:00:00,0.00%,0,$0.00 ,20181014
Blacksburg,mobile,2,2,2,100.00%,1,0:00:00,0.00%,0,$0.00 ,20181014
(not set),desktop,1,1,1,100.00%,1,0:00:00,0.00%,0,$0.00 ,20181014
Jasper,mobile,1,1,1,100.00%,1,0:00:00,0.00%,0,$0.00 ,20181014
Surprise,tablet,1,0,2,50.00%,1.5,0:00:08,0.00%,0,$0.00 ,20181014
Corona,desktop,1,1,1,100.00%,1,0:00:00,0.00%,0,$0.00 ,20181014
Middletown,desktop,1,0,1,100.00%,1,0:00:00,0.00%,0,$0.00 ,20181014
Clayton,desktop,1,0,1,0.00%,10,0:20:14,0.00%,0,$0.00 ,20181014
Miami,mobile,1,1,1,100.00%,1,0:00:00,0.00%,0,$0.00 ,20181014
Perry,mobile,1,0,1,0.00%,2,0:24:00,0.00%,0,$0.00 ,20181014
Tampa,mobile,1,1,1,100.00%,1,0:00:00,0.00%,0,$0.00 ,20181014
Atlanta,desktop,1,0,2,0.00%,3.5,0:02:32,0.00%,0,$0.00 ,20181014
Columbus,desktop,1,0,1,100.00%,1,0:00:00,0.00%,0,$0.00 ,20181014
Marietta,desktop,1,0,2,0.00%,2,0:00:08,0.00%,0,$0.00 ,20181014
Marietta,mobile,1,0,1,0.00%,6,0:17:31,0.00%,0,$0.00 ,20181014
Newnan,mobile,1,0,1,0.00%,6,0:04:35,0.00%,0,$0.00 ,20181014
Richmond Hill,mobile,1,1,1,0.00%,2,0:00:05,0.00%,0,$0.00 ,20181014
Chicago,desktop,1,1,1,0.00%,2,0:00:16,0.00%,0,$0.00 ,20181014
Kenner,mobile,1,0,1,0.00%,2,0:00:03,0.00%,0,$0.00 ,20181014
Detroit,mobile,1,1,1,0.00%,2,0:00:27,0.00%,0,$0.00 ,20181014
Cape Girardeau,mobile,1,1,1,100.00%,1,0:00:00,0.00%,0,$0.00 ,20181014
Chapel Hill,tablet,1,0,3,0.00%,2.33,0:10:08,0.00%,0,$0.00 ,20181014
Charlotte,desktop,1,1,1,100.00%,1,0:00:00,0.00%,0,$0.00 ,20181014
Garner,mobile,1,1,1,100.00%,1,0:00:00,0.00%,0,$0.00 ,20181014
Greenville,desktop,1,0,1,0.00%,9,0:03:40,0.00%,0,$0.00 ,20181014
Greenville,mobile,1,0,1,100.00%,1,0:00:00,0.00%,0,$0.00 ,20181014
High Point,mobile,1,0,1,0.00%,2,0:00:02,0.00%,0,$0.00 ,20181014
Hillsborough,desktop,1,0,1,0.00%,2,0:00:15,0.00%,0,$0.00 ,20181014
Jacksonville,desktop,1,0,1,0.00%,3,0:02:46,0.00%,0,$0.00 ,20181014
Knightdale,desktop,1,0,1,0.00%,2,0:00:11,0.00%,0,$0.00 ,20181014
Knightdale,mobile,1,0,1,0.00%,3,0:20:53,0.00%,0,$0.00 ,20181014
Lexington,mobile,1,1,1,0.00%,4,0:26:09,0.00%,0,$0.00 ,20181014
Morrisville,desktop,1,1,1,100.00%,1,0:00:00,0.00%,0,$0.00 ,20181014
Oxford,desktop,1,0,1,0.00%,2,0:24:19,0.00%,0,$0.00 ,20181014
Oxford,mobile,1,0,1,0.00%,3,0:27:38,0.00%,0,$0.00 ,20181014
Pittsboro,mobile,1,1,2,100.00%,1,0:00:00,0.00%,0,$0.00 ,20181014
Pittsboro,tablet,1,1,1,0.00%,3,0:01:02,0.00%,0,$0.00 ,20181014
Reidsville,mobile,1,1,2,50.00%,2,0:14:57,0.00%,0,$0.00 ,20181014
Roxboro,tablet,1,0,1,0.00%,3,0:18:59,0.00%,0,$0.00 ,20181014
Swannanoa,desktop,1,0,2,100.00%,1,0:00:00,0.00%,0,$0.00 ,20181014
Wake Forest,desktop,1,1,2,100.00%,1,0:00:00,0.00%,0,$0.00 ,20181014
Wake Forest,mobile,1,0,1,0.00%,2,0:00:05,0.00%,0,$0.00 ,20181014
Wendell,desktop,1,0,1,100.00%,1,0:00:00,0.00%,0,$0.00 ,20181014
Williamston,desktop,1,0,1,100.00%,1,0:00:00,0.00%,0,$0.00 ,20181014
Wilmington,desktop,1,0,1,0.00%,2,0:00:05,0.00%,0,$0.00 ,20181014
Winston-Salem,mobile,1,1,1,0.00%,2,0:00:08,0.00%,0,$0.00 ,20181014
Winston-Salem,tablet,1,0,1,0.00%,4,0:22:20,0.00%,0,$0.00 ,20181014
Newburgh,tablet,1,0,1,0.00%,2,0:00:46,0.00%,0,$0.00 ,20181014
Youngstown,desktop,1,1,1,100.00%,1,0:00:00,0.00%,0,$0.00 ,20181014
Allentown,mobile,1,1,1,100.00%,1,0:00:00,0.00%,0,$0.00 ,20181014
Philadelphia,desktop,1,0,1,100.00%,1,0:00:00,0.00%,0,$0.00 ,20181014
Pittsburgh,mobile,1,0,1,100.00%,1,0:00:00,0.00%,0,$0.00 ,20181014
Andrews,desktop,1,0,1,100.00%,1,0:00:00,0.00%,0,$0.00 ,20181014
Blythewood,mobile,1,0,1,100.00%,1,0:00:00,0.00%,0,$0.00 ,20181014
Columbia,desktop,1,1,4,25.00%,3,0:08:11,0.00%,0,$0.00 ,20181014
Columbia,mobile,1,1,1,0.00%,2,0:06:32,0.00%,0,$0.00 ,20181014
Columbia,tablet,1,1,1,0.00%,2,0:00:09,0.00%,0,$0.00 ,20181014
Florence,mobile,1,1,1,0.00%,2,0:00:37,0.00%,0,$0.00 ,20181014
Greer,tablet,1,1,1,100.00%,1,0:00:00,0.00%,0,$0.00 ,20181014
Myrtle Beach,mobile,1,0,1,100.00%,1,0:00:00,0.00%,0,$0.00 ,20181014
Myrtle Beach,tablet,1,1,1,0.00%,3,0:00:45,0.00%,0,$0.00 ,20181014
Bristol,mobile,1,0,1,100.00%,1,0:00:00,0.00%,0,$0.00 ,20181014
Memphis,mobile,1,1,1,0.00%,2,0:01:09,0.00%,0,$0.00 ,20181014
Nashville,mobile,1,0,1,100.00%,1,0:00:00,0.00%,0,$0.00 ,20181014
Charlottesville,mobile,1,1,1,0.00%,4,0:20:14,0.00%,0,$0.00 ,20181014
Lorton,tablet,1,1,1,100.00%,1,0:00:00,0.00%,0,$0.00 ,20181014
Norfolk,mobile,1,0,1,0.00%,2,0:00:01,0.00%,0,$0.00 ,20181014
Norfolk,tablet,1,0,1,0.00%,2,0:00:09,0.00%,0,$0.00 ,20181014
Virginia Beach,mobile,1,0,1,100.00%,1,0:00:00,0.00%,0,$0.00 ,20181014
Oak Harbor,mobile,1,0,1,0.00%,2,0:02:10,0.00%,0,$0.00 ,20181014
Brookhaven,desktop,1,1,1,100.00%,1,0:00:00,0.00%,0,$0.00 ,20181014
Friendly,tablet,1,0,1,0.00%,2,0:00:09,0.00%,0,$0.00 ,20181014
North Druid Hills,desktop,1,0,1,0.00%,2,0:00:04,0.00%,0,$0.00 ,20181014
North Druid Hills,mobile,1,1,1,0.00%,2,0:00:06,0.00%,0,$0.00 ,20181014
Potomac Falls,desktop,1,1,1,100.00%,1,0:00:00,0.00%,0,$0.00 ,20181014
Rochester Hills,desktop,1,1,1,100.00%,1,0:00:00,0.00%,0,$0.00 ,20181014
,,434,186,550,50.00%,2.13,0:03:29,0.00%,0,$0.00 ,20181014
Durham,desktop,69,31,97,52.58%,1.91,0:02:38,0.00%,0,$0.00 ,20181021
Durham,mobile,69,30,97,55.67%,1.98,0:02:06,0.00%,0,$0.00 ,20181021
Durham,tablet,48,13,70,48.57%,2.47,0:04:16,0.00%,0,$0.00 ,20181021
Raleigh,mobile,35,13,42,66.67%,2.79,0:02:02,0.00%,0,$0.00 ,20181021
Charlotte,mobile,31,13,44,45.45%,2.16,0:03:11,0.00%,0,$0.00 ,20181021
Atlanta,mobile,12,6,15,46.67%,1.6,0:04:08,0.00%,0,$0.00 ,20181021
Franklin,mobile,9,6,14,50.00%,1.93,0:03:41,0.00%,0,$0.00 ,20181021
Franklin,desktop,8,3,13,61.54%,1.54,0:02:49,0.00%,0,$0.00 ,20181021
Franklin,tablet,7,4,8,37.50%,1.88,0:05:17,0.00%,0,$0.00 ,20181021
Raleigh,desktop,6,1,15,93.33%,1.07,0:01:33,0.00%,0,$0.00 ,20181021
Cary,desktop,4,2,4,50.00%,1.5,0:00:04,0.00%,0,$0.00 ,20181021
Chapel Hill,mobile,4,2,4,50.00%,2.25,0:01:13,0.00%,0,$0.00 ,20181021
Raleigh,tablet,4,1,4,100.00%,1,0:00:00,0.00%,0,$0.00 ,20181021
(not set),desktop,3,2,3,100.00%,1,0:00:00,0.00%,0,$0.00 ,20181021
Carrboro,desktop,3,1,4,75.00%,1.5,0:00:12,0.00%,0,$0.00 ,20181021
Creedmoor,desktop,3,1,6,50.00%,2.33,0:00:32,0.00%,0,$0.00 ,20181021
Sylva,desktop,3,0,4,75.00%,2.75,0:05:56,0.00%,0,$0.00 ,20181021
Winston-Salem,mobile,3,1,3,100.00%,1,0:00:00,0.00%,0,$0.00 ,20181021
(not set),mobile,2,1,3,33.33%,2,0:07:48,0.00%,0,$0.00 ,20181021
Birmingham,mobile,2,1,3,33.33%,2.33,0:05:18,0.00%,0,$0.00 ,20181021
Washington,mobile,2,1,3,66.67%,1.33,0:00:01,0.00%,0,$0.00 ,20181021
Cary,mobile,2,1,6,33.33%,1.83,0:00:25,0.00%,0,$0.00 ,20181021
Chapel Hill,desktop,2,0,2,0.00%,2,0:00:08,0.00%,0,$0.00 ,20181021
Charlotte,tablet,2,2,2,50.00%,1.5,0:05:35,0.00%,0,$0.00 ,20181021
Greensboro,desktop,2,2,2,100.00%,1,0:00:00,0.00%,0,$0.00 ,20181021
Hillsborough,desktop,2,1,4,50.00%,1.75,0:00:39,0.00%,0,$0.00 ,20181021
Mebane,tablet,2,0,2,50.00%,1.5,0:00:01,0.00%,0,$0.00 ,20181021
Wake Forest,mobile,2,0,2,50.00%,3,0:02:01,0.00%,0,$0.00 ,20181021
Winston-Salem,desktop,2,0,2,50.00%,1.5,0:11:48,0.00%,0,$0.00 ,20181021
New York,mobile,2,0,2,100.00%,1,0:00:00,0.00%,0,$0.00 ,20181021
Bethel Park,mobile,2,2,3,33.33%,1.67,0:01:34,0.00%,0,$0.00 ,20181021
Philadelphia,desktop,2,0,3,66.67%,2.33,0:01:15,0.00%,0,$0.00 ,20181021
Norfolk,mobile,2,0,3,33.33%,2.33,0:10:24,0.00%,0,$0.00 ,20181021
Virginia Beach,mobile,2,2,2,50.00%,1.5,0:00:09,0.00%,0,$0.00 ,20181021
Rochester Hills,desktop,2,2,2,50.00%,3,0:02:01,0.00%,0,$0.00 ,20181021
Oranjestad,mobile,1,1,1,100.00%,1,0:00:00,0.00%,0,$0.00 ,20181021
Oranjestad,tablet,1,0,1,0.00%,6,0:14:48,0.00%,0,$0.00 ,20181021
Montego Bay,mobile,1,0,1,0.00%,2,0:00:03,0.00%,0,$0.00 ,20181021
Corona,mobile,1,0,2,50.00%,1.5,0:00:19,0.00%,0,$0.00 ,20181021
Valley Center,mobile,1,1,1,100.00%,1,0:00:00,0.00%,0,$0.00 ,20181021
Washington,tablet,1,1,1,0.00%,2,0:00:03,0.00%,0,$0.00 ,20181021
Pinellas Park,mobile,1,1,2,50.00%,3.5,0:06:35,0.00%,0,$0.00 ,20181021
Tallahassee,mobile,1,0,1,0.00%,7,0:09:37,0.00%,0,$0.00 ,20181021
Winter Haven,mobile,1,1,1,0.00%,5,0:06:28,0.00%,0,$0.00 ,20181021
Winter Haven,tablet,1,0,1,100.00%,1,0:00:00,0.00%,0,$0.00 ,20181021
Atlanta,desktop,1,1,1,100.00%,1,0:00:00,0.00%,0,$0.00 ,20181021
Columbus,desktop,1,0,1,100.00%,1,0:00:00,0.00%,0,$0.00 ,20181021
Forsyth,mobile,1,1,1,0.00%,3,0:08:10,0.00%,0,$0.00 ,20181021
Kennesaw,desktop,1,0,1,0.00%,4,0:04:13,0.00%,0,$0.00 ,20181021
Savannah,mobile,1,0,1,0.00%,2,0:01:02,0.00%,0,$0.00 ,20181021
Chicago,desktop,1,0,1,100.00%,1,0:00:00,0.00%,0,$0.00 ,20181021
New Orleans,tablet,1,0,1,0.00%,3,0:02:35,0.00%,0,$0.00 ,20181021
Elkridge,mobile,1,0,1,0.00%,7,0:31:54,0.00%,0,$0.00 ,20181021
Hyattsville,desktop,1,0,1,0.00%,4,0:00:58,0.00%,0,$0.00 ,20181021
St. Louis,mobile,1,1,1,0.00%,2,0:17:55,0.00%,0,$0.00 ,20181021
Apex,mobile,1,1,1,0.00%,2,0:00:25,0.00%,0,$0.00 ,20181021
Burlington,desktop,1,0,1,100.00%,1,0:00:00,0.00%,0,$0.00 ,20181021
Charlotte,desktop,1,1,3,0.00%,2,0:03:51,0.00%,0,$0.00 ,20181021
Clayton,tablet,1,0,1,0.00%,5,0:14:45,0.00%,0,$0.00 ,20181021
Creedmoor,mobile,1,1,1,100.00%,1,0:00:00,0.00%,0,$0.00 ,20181021
Creedmoor,tablet,1,0,1,100.00%,1,0:00:00,0.00%,0,$0.00 ,20181021
Fayetteville,mobile,1,0,1,0.00%,2,0:02:37,0.00%,0,$0.00 ,20181021
Fayetteville,tablet,1,1,3,0.00%,7,0:03:20,0.00%,0,$0.00 ,20181021
Fuquay Varina,desktop,1,1,1,0.00%,4,0:21:50,0.00%,0,$0.00 ,20181021
Greensboro,mobile,1,0,1,100.00%,1,0:00:00,0.00%,0,$0.00 ,20181021
Greenville,desktop,1,1,1,0.00%,2,0:02:38,0.00%,0,$0.00 ,20181021
Greenville,mobile,1,1,1,0.00%,6,0:16:31,0.00%,0,$0.00 ,20181021
High Point,mobile,1,1,1,0.00%,3,0:00:51,0.00%,0,$0.00 ,20181021
Hillsborough,mobile,1,1,3,66.67%,2,0:04:17,0.00%,0,$0.00 ,20181021
Hillsborough,tablet,1,0,4,25.00%,2.25,0:05:36,0.00%,0,$0.00 ,20181021
Huntersville,tablet,1,1,1,100.00%,1,0:00:00,0.00%,0,$0.00 ,20181021
King,desktop,1,1,1,0.00%,2,0:00:06,0.00%,0,$0.00 ,20181021
Knightdale,desktop,1,0,1,0.00%,2,0:00:13,0.00%,0,$0.00 ,20181021
Knightdale,mobile,1,0,1,100.00%,1,0:00:00,0.00%,0,$0.00 ,20181021
Mebane,desktop,1,0,1,0.00%,4,0:04:13,0.00%,0,$0.00 ,20181021
Mebane,mobile,1,0,1,0.00%,2,0:00:04,0.00%,0,$0.00 ,20181021
New Bern,tablet,1,1,1,0.00%,9,0:17:19,0.00%,0,$0.00 ,20181021
Oxford,mobile,1,0,1,0.00%,5,0:54:48,0.00%,0,$0.00 ,20181021
Rocky Mount,mobile,1,0,1,100.00%,1,0:00:00,0.00%,0,$0.00 ,20181021
Salisbury,tablet,1,0,1,0.00%,2,0:00:04,0.00%,0,$0.00 ,20181021
Sylva,mobile,1,0,1,100.00%,1,0:00:00,0.00%,0,$0.00 ,20181021
Wake Forest,tablet,1,1,1,100.00%,1,0:00:00,0.00%,0,$0.00 ,20181021
Waynesville,mobile,1,0,1,0.00%,2,0:12:21,0.00%,0,$0.00 ,20181021
Weaverville,desktop,1,0,2,100.00%,1,0:00:00,0.00%,0,$0.00 ,20181021
Weaverville,mobile,1,0,1,100.00%,1,0:00:00,0.00%,0,$0.00 ,20181021
Weaverville,tablet,1,0,3,100.00%,1,0:00:00,0.00%,0,$0.00 ,20181021
Wendell,desktop,1,0,1,100.00%,1,0:00:00,0.00%,0,$0.00 ,20181021
Williamston,desktop,1,0,2,100.00%,1,0:00:00,0.00%,0,$0.00 ,20181021
Wilmington,desktop,1,1,1,0.00%,4,0:04:36,0.00%,0,$0.00 ,20181021
Winston-Salem,tablet,1,0,1,100.00%,1,0:00:00,0.00%,0,$0.00 ,20181021
Newburgh,tablet,1,0,2,100.00%,1,0:00:00,0.00%,0,$0.00 ,20181021
Blue Bell,desktop,1,0,1,0.00%,2,0:00:14,0.00%,0,$0.00 ,20181021
Harleysville,mobile,1,1,1,100.00%,1,0:00:00,0.00%,0,$0.00 ,20181021
Anderson,mobile,1,0,1,100.00%,1,0:00:00,0.00%,0,$0.00 ,20181021
Blythewood,mobile,1,0,2,100.00%,1,0:00:00,0.00%,0,$0.00 ,20181021
Clover,desktop,1,1,1,100.00%,1,0:00:00,0.00%,0,$0.00 ,20181021
Columbia,desktop,1,1,1,0.00%,3,0:00:52,0.00%,0,$0.00 ,20181021
Columbia,tablet,1,0,3,0.00%,4.67,0:09:04,0.00%,0,$0.00 ,20181021
Myrtle Beach,tablet,1,0,1,100.00%,1,0:00:00,0.00%,0,$0.00 ,20181021
Memphis,mobile,1,0,1,100.00%,1,0:00:00,0.00%,0,$0.00 ,20181021
Dallas,mobile,1,0,2,50.00%,2,0:03:36,0.00%,0,$0.00 ,20181021
Charlottesville,mobile,1,0,1,100.00%,1,0:00:00,0.00%,0,$0.00 ,20181021
Hampton,mobile,1,0,1,0.00%,7,0:20:12,0.00%,0,$0.00 ,20181021
Virgilina,mobile,1,1,5,80.00%,1.4,0:00:04,0.00%,0,$0.00 ,20181021
Tysons,mobile,1,0,1,0.00%,2,0:16:40,0.00%,0,$0.00 ,20181021
,,425,171,587,53.83%,2.1,0:02:59,0.00%,0,$0.00 ,20181021
Durham,mobile,77,27,113,46.90%,2.37,0:05:32,0.00%,0,$0.00 ,20181028
Durham,desktop,60,20,70,47.14%,2.41,0:02:06,0.00%,0,$0.00 ,20181028
Durham,tablet,40,14,53,49.06%,2.21,0:03:53,0.00%,0,$0.00 ,20181028
Charlotte,mobile,37,12,55,41.82%,2.2,0:05:12,0.00%,0,$0.00 ,20181028
Raleigh,mobile,16,5,24,62.50%,1.5,0:01:58,0.00%,0,$0.00 ,20181028
Atlanta,mobile,12,8,14,64.29%,1.64,0:00:51,0.00%,0,$0.00 ,20181028
Franklin,desktop,7,0,13,76.92%,1.23,0:00:23,0.00%,0,$0.00 ,20181028
Raleigh,desktop,7,1,13,76.92%,1.38,0:00:29,0.00%,0,$0.00 ,20181028
Cary,desktop,6,3,7,100.00%,1,0:00:00,0.00%,0,$0.00 ,20181028
Chapel Hill,desktop,6,0,7,42.86%,2.43,0:09:13,0.00%,0,$0.00 ,20181028
Chapel Hill,mobile,5,1,7,57.14%,4.71,0:12:43,0.00%,0,$0.00 ,20181028
Franklin,mobile,5,1,7,42.86%,3,0:12:09,0.00%,0,$0.00 ,20181028
Charlotte,tablet,4,1,4,100.00%,1,0:00:00,0.00%,0,$0.00 ,20181028
Raleigh,tablet,4,2,9,55.56%,1.56,0:00:14,0.00%,0,$0.00 ,20181028
Washington,mobile,3,2,3,66.67%,1.33,0:00:32,0.00%,0,$0.00 ,20181028
New York,mobile,3,2,3,66.67%,2.33,0:00:24,0.00%,0,$0.00 ,20181028
Virginia Beach,mobile,3,1,5,20.00%,3.6,0:04:52,0.00%,0,$0.00 ,20181028
North Decatur,mobile,3,3,4,25.00%,2.5,0:01:02,0.00%,0,$0.00 ,20181028
(not set),mobile,2,1,2,50.00%,2.5,0:01:03,0.00%,0,$0.00 ,20181028
Cary,mobile,2,2,2,50.00%,3.5,0:01:53,0.00%,0,$0.00 ,20181028
Franklin,tablet,2,0,4,75.00%,1.25,0:00:08,0.00%,0,$0.00 ,20181028
Garner,mobile,2,1,2,100.00%,1,0:00:00,0.00%,0,$0.00 ,20181028
Greensboro,desktop,2,0,2,100.00%,1,0:00:00,0.00%,0,$0.00 ,20181028
Hillsborough,desktop,2,1,4,50.00%,2.75,0:00:21,0.00%,0,$0.00 ,20181028
Mebane,desktop,2,0,3,0.00%,2,0:00:06,0.00%,0,$0.00 ,20181028
Oxford,mobile,2,0,2,50.00%,1.5,0:00:03,0.00%,0,$0.00 ,20181028
Wake Forest,tablet,2,0,2,100.00%,1,0:00:00,0.00%,0,$0.00 ,20181028
Winston-Salem,mobile,2,0,2,50.00%,1.5,0:00:02,0.00%,0,$0.00 ,20181028
Philadelphia,desktop,2,0,2,100.00%,1,0:00:00,0.00%,0,$0.00 ,20181028
Philadelphia,mobile,2,2,2,100.00%,1,0:00:00,0.00%,0,$0.00 ,20181028
Arlington,mobile,2,1,2,50.00%,3,0:01:34,0.00%,0,$0.00 ,20181028
Norfolk,mobile,2,2,3,33.33%,2,0:00:10,0.00%,0,$0.00 ,20181028
Roanoke,mobile,2,2,2,50.00%,1.5,0:01:08,0.00%,0,$0.00 ,20181028
Irondale,mobile,2,2,2,100.00%,1,0:00:00,0.00%,0,$0.00 ,20181028
(not set),tablet,1,1,2,50.00%,1.5,0:01:40,0.00%,0,$0.00 ,20181028
Birmingham,mobile,1,0,1,100.00%,1,0:00:00,0.00%,0,$0.00 ,20181028
Fairhope,desktop,1,1,1,0.00%,3,0:07:18,0.00%,0,$0.00 ,20181028
Corona,mobile,1,0,1,0.00%,2,0:28:15,0.00%,0,$0.00 ,20181028
Boulder,tablet,1,1,1,100.00%,1,0:00:00,0.00%,0,$0.00 ,20181028
Jacksonville,mobile,1,0,1,100.00%,1,0:00:00,0.00%,0,$0.00 ,20181028
Orlando,mobile,1,0,2,50.00%,1.5,0:00:11,0.00%,0,$0.00 ,20181028
Athens,mobile,1,0,5,20.00%,4.2,0:07:39,0.00%,0,$0.00 ,20181028
Kennesaw,desktop,1,0,1,0.00%,2,0:00:05,0.00%,0,$0.00 ,20181028
Loganville,mobile,1,1,2,50.00%,1.5,0:00:02,0.00%,0,$0.00 ,20181028
Riverdale,mobile,1,1,1,0.00%,3,0:02:43,0.00%,0,$0.00 ,20181028
Chicago,desktop,1,0,1,100.00%,1,0:00:00,0.00%,0,$0.00 ,20181028
Chicago,mobile,1,0,1,100.00%,1,0:00:00,0.00%,0,$0.00 ,20181028
Boston,mobile,1,1,1,100.00%,1,0:00:00,0.00%,0,$0.00 ,20181028
Elkridge,desktop,1,0,1,100.00%,1,0:00:00,0.00%,0,$0.00 ,20181028
Elkridge,mobile,1,0,1,100.00%,1,0:00:00,0.00%,0,$0.00 ,20181028
Hyattsville,desktop,1,0,1,0.00%,2,0:00:05,0.00%,0,$0.00 ,20181028
Kansas City,mobile,1,1,1,0.00%,2,0:00:26,0.00%,0,$0.00 ,20181028
Apex,desktop,1,0,1,100.00%,1,0:00:00,0.00%,0,$0.00 ,20181028
Boone,desktop,1,1,1,0.00%,2,0:00:05,0.00%,0,$0.00 ,20181028
Boone,mobile,1,1,2,50.00%,1.5,0:08:19,0.00%,0,$0.00 ,20181028
Burlington,desktop,1,0,1,100.00%,1,0:00:00,0.00%,0,$0.00 ,20181028
Carrboro,desktop,1,0,1,0.00%,3,0:28:22,0.00%,0,$0.00 ,20181028
Cary,tablet,1,0,1,0.00%,2,0:00:07,0.00%,0,$0.00 ,20181028
Chapel Hill,tablet,1,0,1,0.00%,8,0:15:55,0.00%,0,$0.00 ,20181028
Charlotte,desktop,1,0,2,50.00%,1.5,0:00:22,0.00%,0,$0.00 ,20181028
Creedmoor,desktop,1,0,2,50.00%,1.5,0:00:11,0.00%,0,$0.00 ,20181028
Creedmoor,mobile,1,1,1,100.00%,1,0:00:00,0.00%,0,$0.00 ,20181028
Creedmoor,tablet,1,0,1,100.00%,1,0:00:00,0.00%,0,$0.00 ,20181028
Eden,mobile,1,0,1,0.00%,2,0:00:02,0.00%,0,$0.00 ,20181028
Elm City,desktop,1,1,1,0.00%,11,0:12:12,0.00%,0,$0.00 ,20181028
Graham,mobile,1,0,2,100.00%,1,0:00:00,0.00%,0,$0.00 ,20181028
Greensboro,mobile,1,0,2,50.00%,2.5,0:01:52,0.00%,0,$0.00 ,20181028
Greenville,desktop,1,1,1,100.00%,1,0:00:00,0.00%,0,$0.00 ,20181028
Jacksonville,mobile,1,0,1,100.00%,1,0:00:00,0.00%,0,$0.00 ,20181028
Knightdale,desktop,1,0,1,0.00%,2,0:00:12,0.00%,0,$0.00 ,20181028
Mebane,mobile,1,0,1,100.00%,1,0:00:00,0.00%,0,$0.00 ,20181028
Mebane,tablet,1,0,1,0.00%,5,0:03:02,0.00%,0,$0.00 ,20181028
Roanoke Rapids,mobile,1,1,1,100.00%,1,0:00:00,0.00%,0,$0.00 ,20181028
Roanoke Rapids,tablet,1,0,1,100.00%,1,0:00:00,0.00%,0,$0.00 ,20181028
Shelby,mobile,1,1,1,100.00%,1,0:00:00,0.00%,0,$0.00 ,20181028
Sylva,desktop,1,0,1,100.00%,1,0:00:00,0.00%,0,$0.00 ,20181028
Wake Forest,mobile,1,1,1,100.00%,1,0:00:00,0.00%,0,$0.00 ,20181028
Welcome,desktop,1,0,1,100.00%,1,0:00:00,0.00%,0,$0.00 ,20181028
Wendell,desktop,1,0,1,100.00%,1,0:00:00,0.00%,0,$0.00 ,20181028
Whiteville,mobile,1,0,1,0.00%,5,0:03:06,0.00%,0,$0.00 ,20181028
Whittier,desktop,1,0,1,100.00%,1,0:00:00,0.00%,0,$0.00 ,20181028
Wilmington,mobile,1,1,1,100.00%,1,0:00:00,0.00%,0,$0.00 ,20181028
Wilmington,tablet,1,0,1,100.00%,1,0:00:00,0.00%,0,$0.00 ,20181028
Winston-Salem,desktop,1,0,1,0.00%,2,0:00:02,0.00%,0,$0.00 ,20181028
Zebulon,desktop,1,1,2,100.00%,1,0:00:00,0.00%,0,$0.00 ,20181028
Newark,mobile,1,1,1,100.00%,1,0:00:00,0.00%,0,$0.00 ,20181028
Totowa,mobile,1,0,1,0.00%,13,0:29:17,0.00%,0,$0.00 ,20181028
Peekskill,desktop,1,1,2,100.00%,1,0:00:00,0.00%,0,$0.00 ,20181028
Peekskill,mobile,1,1,1,100.00%,1,0:00:00,0.00%,0,$0.00 ,20181028
Poughkeepsie,mobile,1,1,2,50.00%,1.5,0:00:10,0.00%,0,$0.00 ,20181028
White Plains,tablet,1,1,4,50.00%,2.5,0:02:14,0.00%,0,$0.00 ,20181028
Columbus,desktop,1,1,1,100.00%,1,0:00:00,0.00%,0,$0.00 ,20181028
Reynoldsburg,mobile,1,1,1,100.00%,1,0:00:00,0.00%,0,$0.00 ,20181028
Oklahoma City,desktop,1,0,2,100.00%,1,0:00:00,0.00%,0,$0.00 ,20181028
Blue Bell,desktop,1,0,1,0.00%,2,0:00:22,0.00%,0,$0.00 ,20181028
Pittsburgh,mobile,1,0,1,100.00%,1,0:00:00,0.00%,0,$0.00 ,20181028
Blythewood,mobile,1,0,1,100.00%,1,0:00:00,0.00%,0,$0.00 ,20181028
Spartanburg,mobile,1,1,1,0.00%,4,0:20:35,0.00%,0,$0.00 ,20181028
Houston,mobile,1,1,1,0.00%,2,0:00:18,0.00%,0,$0.00 ,20181028
Danville,mobile,1,1,1,100.00%,1,0:00:00,0.00%,0,$0.00 ,20181028
Hampton,mobile,1,1,1,100.00%,1,0:00:00,0.00%,0,$0.00 ,20181028
Leesburg,desktop,1,1,2,0.00%,2.5,0:00:38,0.00%,0,$0.00 ,20181028
Norfolk,desktop,1,0,2,0.00%,7.5,0:04:22,0.00%,0,$0.00 ,20181028
Williamsburg,mobile,1,1,1,100.00%,1,0:00:00,0.00%,0,$0.00 ,20181028
Dock Junction,mobile,1,0,1,0.00%,3,0:23:59,0.00%,0,$0.00 ,20181028
North Druid Hills,mobile,1,0,3,66.67%,1.67,0:04:19,0.00%,0,$0.00 ,20181028
Panthersville,mobile,1,0,1,0.00%,4,0:29:33,0.00%,0,$0.00 ,20181028
Potomac Falls,mobile,1,0,1,0.00%,3,0:36:55,0.00%,0,$0.00 ,20181028
,,404,147,546,53.11%,2.16,0:03:35,0.00%,0,$0.00 ,20181028
