City,Source,Users,New.Users,Sessions,Bounce.Rate,Pages...Session,Avg..Session.Duration,Goal.Conversion.Rate,Goal.Completions,Goal.Value,Date
Durham,(direct),82,45,101,56.44%,1.75,0:02:06,0.00%,0,$0.00 ,20180812
Durham,myubc.org,73,40,90,21.11%,2.78,0:02:43,0.00%,0,$0.00 ,20180812
Durham,google,65,47,77,59.74%,1.83,0:03:32,0.00%,0,$0.00 ,20180812
Charlotte,google,22,7,32,62.50%,2.12,0:03:38,0.00%,0,$0.00 ,20180812
Charlotte,(direct),21,16,26,57.69%,2.15,0:04:43,0.00%,0,$0.00 ,20180812
Charlotte,myubc.org,12,5,19,31.58%,2.26,0:01:20,0.00%,0,$0.00 ,20180812
Atlanta,(direct),11,6,11,45.45%,2.45,0:06:12,0.00%,0,$0.00 ,20180812
Durham,bing,10,7,10,70.00%,2.1,0:03:20,0.00%,0,$0.00 ,20180812
Raleigh,google,9,5,10,70.00%,2,0:07:29,0.00%,0,$0.00 ,20180812
Raleigh,myubc.org,9,7,12,8.33%,5,0:07:17,0.00%,0,$0.00 ,20180812
Atlanta,google,8,5,8,87.50%,1.5,0:01:46,0.00%,0,$0.00 ,20180812
Raleigh,(direct),8,5,10,50.00%,1.8,0:06:43,0.00%,0,$0.00 ,20180812
Durham,yahoo,7,5,9,77.78%,2.11,0:06:20,0.00%,0,$0.00 ,20180812
Franklin,(direct),6,3,7,71.43%,1.86,0:02:36,0.00%,0,$0.00 ,20180812
Atlanta,myubc.org,4,3,7,14.29%,3.29,0:03:21,0.00%,0,$0.00 ,20180812
Durham,m.facebook.com,4,3,4,50.00%,1.5,0:00:22,0.00%,0,$0.00 ,20180812
Franklin,myubc.org,4,2,4,0.00%,3.5,0:03:05,0.00%,0,$0.00 ,20180812
Greensboro,(direct),4,3,4,75.00%,1.25,0:00:02,0.00%,0,$0.00 ,20180812
Hillsborough,myubc.org,4,2,4,25.00%,2.25,0:01:00,0.00%,0,$0.00 ,20180812
Chapel Hill,google,3,2,4,75.00%,1.5,0:08:24,0.00%,0,$0.00 ,20180812
Greensboro,myubc.org,3,1,4,50.00%,2.75,0:05:14,0.00%,0,$0.00 ,20180812
Hillsborough,google,3,3,4,75.00%,1.25,0:00:04,0.00%,0,$0.00 ,20180812
Rocky Mount,(direct),3,3,3,100.00%,1,0:00:00,0.00%,0,$0.00 ,20180812
Winston-Salem,google,3,2,3,33.33%,3,0:16:37,0.00%,0,$0.00 ,20180812
Washington,myubc.org,2,2,2,0.00%,2,0:00:04,0.00%,0,$0.00 ,20180812
Miami,(direct),2,0,2,50.00%,3.5,0:17:15,0.00%,0,$0.00 ,20180812
Orlando,google,2,2,2,50.00%,2,0:00:07,0.00%,0,$0.00 ,20180812
Cary,(direct),2,2,2,50.00%,2.5,0:01:24,0.00%,0,$0.00 ,20180812
Cary,google,2,1,2,100.00%,1,0:00:00,0.00%,0,$0.00 ,20180812
Cary,myubc.org,2,1,2,0.00%,3,0:09:18,0.00%,0,$0.00 ,20180812
Creedmoor,myubc.org,2,1,3,0.00%,2.67,0:07:25,0.00%,0,$0.00 ,20180812
Fayetteville,(direct),2,2,2,0.00%,2.5,0:00:24,0.00%,0,$0.00 ,20180812
Franklin,google,2,2,2,50.00%,1.5,0:00:57,0.00%,0,$0.00 ,20180812
Greensboro,google,2,1,4,100.00%,1,0:00:00,0.00%,0,$0.00 ,20180812
Henderson,(direct),2,2,2,100.00%,1,0:00:00,0.00%,0,$0.00 ,20180812
High Point,myubc.org,2,2,2,0.00%,3,0:07:36,0.00%,0,$0.00 ,20180812
Knightdale,google,2,1,2,100.00%,1,0:00:00,0.00%,0,$0.00 ,20180812
Knightdale,myubc.org,2,1,2,0.00%,4,0:07:06,0.00%,0,$0.00 ,20180812
Sylva,(direct),2,1,2,50.00%,1.5,0:00:25,0.00%,0,$0.00 ,20180812
Winston-Salem,(direct),2,1,2,0.00%,4.5,0:04:33,0.00%,0,$0.00 ,20180812
New York,google,2,1,4,25.00%,1.75,0:07:23,0.00%,0,$0.00 ,20180812
New York,myubc.org,2,0,2,50.00%,2.5,0:00:44,0.00%,0,$0.00 ,20180812
(not set),google,1,0,1,0.00%,3,0:14:39,0.00%,0,$0.00 ,20180812
(not set),myubc.org,1,0,1,0.00%,3,0:04:04,0.00%,0,$0.00 ,20180812
Indore,google,1,1,1,0.00%,5,0:08:24,0.00%,0,$0.00 ,20180812
Buena Park,(direct),1,1,1,0.00%,5,0:05:52,0.00%,0,$0.00 ,20180812
Buena Park,myubc.org,1,0,1,0.00%,6,0:05:57,0.00%,0,$0.00 ,20180812
Corona,myubc.org,1,1,1,0.00%,2,0:00:04,0.00%,0,$0.00 ,20180812
San Diego,myubc.org,1,1,1,100.00%,1,0:00:00,0.00%,0,$0.00 ,20180812
Washington,(direct),1,1,1,0.00%,11,0:55:04,0.00%,0,$0.00 ,20180812
Clayton,myubc.org,1,0,1,0.00%,6,0:28:21,0.00%,0,$0.00 ,20180812
Fort Lauderdale,google,1,1,1,100.00%,1,0:00:00,0.00%,0,$0.00 ,20180812
Miami,google,1,1,2,0.00%,5.5,0:16:14,0.00%,0,$0.00 ,20180812
Miami,myubc.org,1,0,2,50.00%,2,0:00:17,0.00%,0,$0.00 ,20180812
Orlando,(direct),1,1,1,0.00%,2,0:16:00,0.00%,0,$0.00 ,20180812
Orlando,yahoo,1,1,1,100.00%,1,0:00:00,0.00%,0,$0.00 ,20180812
Oviedo,google,1,0,1,100.00%,1,0:00:00,0.00%,0,$0.00 ,20180812
Tallahassee,m.facebook.com,1,1,1,100.00%,1,0:00:00,0.00%,0,$0.00 ,20180812
Atlanta,us.search.yahoo.com,1,1,1,0.00%,3,0:04:49,0.00%,0,$0.00 ,20180812
Macon,(direct),1,1,1,100.00%,1,0:00:00,0.00%,0,$0.00 ,20180812
Macon,myubc.org,1,0,1,100.00%,1,0:00:00,0.00%,0,$0.00 ,20180812
Marietta,myubc.org,1,0,1,0.00%,4,0:25:04,0.00%,0,$0.00 ,20180812
Riverdale,yahoo,1,1,1,100.00%,1,0:00:00,0.00%,0,$0.00 ,20180812
Woodstock,myubc.org,1,1,1,0.00%,2,0:00:10,0.00%,0,$0.00 ,20180812
Vandalia,google,1,1,1,100.00%,1,0:00:00,0.00%,0,$0.00 ,20180812
Overland Park,myubc.org,1,1,1,0.00%,2,0:00:07,0.00%,0,$0.00 ,20180812
Slidell,yahoo,1,1,1,100.00%,1,0:00:00,0.00%,0,$0.00 ,20180812
Billerica,bing,1,1,2,50.00%,3,0:00:29,0.00%,0,$0.00 ,20180812
Billerica,myubc.org,1,0,1,0.00%,2,0:00:32,0.00%,0,$0.00 ,20180812
Easton,google,1,1,1,100.00%,1,0:00:00,0.00%,0,$0.00 ,20180812
Hyattsville,(direct),1,0,1,0.00%,2,0:00:07,0.00%,0,$0.00 ,20180812
Andrews,(direct),1,0,3,100.00%,1,0:00:00,0.00%,0,$0.00 ,20180812
Black Mountain,yahoo,1,1,1,0.00%,2,0:07:05,0.00%,0,$0.00 ,20180812
Carrboro,google,1,0,1,100.00%,1,0:00:00,0.00%,0,$0.00 ,20180812
Cary,com.google.android.googlequicksearchbox,1,0,2,0.00%,3,0:01:33,0.00%,0,$0.00 ,20180812
Cashiers,google,1,0,1,100.00%,1,0:00:00,0.00%,0,$0.00 ,20180812
Chapel Hill,bing,1,0,1,100.00%,1,0:00:00,0.00%,0,$0.00 ,20180812
Chapel Hill,myubc.org,1,1,1,0.00%,2,0:00:02,0.00%,0,$0.00 ,20180812
Charlotte,bing,1,0,1,100.00%,1,0:00:00,0.00%,0,$0.00 ,20180812
Charlotte,lookup.t-mobile.com,1,0,1,0.00%,17,0:19:25,0.00%,0,$0.00 ,20180812
Marine Corps Air Station Cherry Point,google,1,1,1,100.00%,1,0:00:00,0.00%,0,$0.00 ,20180812
Concord,(direct),1,0,1,0.00%,2,0:00:09,0.00%,0,$0.00 ,20180812
Concord,myubc.org,1,0,1,0.00%,2,0:00:03,0.00%,0,$0.00 ,20180812
Cullowhee,(direct),1,0,1,100.00%,1,0:00:00,0.00%,0,$0.00 ,20180812
Durham,ask,1,1,1,100.00%,1,0:00:00,0.00%,0,$0.00 ,20180812
Durham,facebook.com,1,1,1,100.00%,1,0:00:00,0.00%,0,$0.00 ,20180812
Durham,searchencrypt.com,1,0,1,100.00%,1,0:00:00,0.00%,0,$0.00 ,20180812
Efland,myubc.org,1,1,2,100.00%,1,0:00:00,0.00%,0,$0.00 ,20180812
Fayetteville,google,1,0,3,33.33%,2.33,0:07:03,0.00%,0,$0.00 ,20180812
Fayetteville,myubc.org,1,1,2,0.00%,3,0:09:45,0.00%,0,$0.00 ,20180812
Franklin,bing,1,0,4,100.00%,1,0:00:00,0.00%,0,$0.00 ,20180812
Franklinton,myubc.org,1,1,1,0.00%,2,0:00:19,0.00%,0,$0.00 ,20180812
Graham,google,1,0,1,0.00%,3,0:01:47,0.00%,0,$0.00 ,20180812
Graham,myubc.org,1,0,1,0.00%,2,0:00:43,0.00%,0,$0.00 ,20180812
Greensboro,m.facebook.com,1,1,1,100.00%,1,0:00:00,0.00%,0,$0.00 ,20180812
Greensboro,yahoo,1,1,1,0.00%,6,0:03:21,0.00%,0,$0.00 ,20180812
Hayesville,google,1,1,2,50.00%,3,0:16:18,0.00%,0,$0.00 ,20180812
Henderson,google,1,0,1,100.00%,1,0:00:00,0.00%,0,$0.00 ,20180812
High Point,(direct),1,0,1,100.00%,1,0:00:00,0.00%,0,$0.00 ,20180812
High Point,google,1,1,1,100.00%,1,0:00:00,0.00%,0,$0.00 ,20180812
Hillsborough,(direct),1,0,2,100.00%,1,0:00:00,0.00%,0,$0.00 ,20180812
Kernersville,google,1,1,1,100.00%,1,0:00:00,0.00%,0,$0.00 ,20180812
Knightdale,(direct),1,0,1,0.00%,4,0:00:31,0.00%,0,$0.00 ,20180812
Mebane,(direct),1,0,1,100.00%,1,0:00:00,0.00%,0,$0.00 ,20180812
Mebane,facebook.com,1,1,1,100.00%,1,0:00:00,0.00%,0,$0.00 ,20180812
Mebane,myubc.org,1,0,1,0.00%,2,0:00:02,0.00%,0,$0.00 ,20180812
Murphy,myubc.org,1,0,1,0.00%,4,0:01:45,0.00%,0,$0.00 ,20180812
Nashville,google,1,0,1,0.00%,4,0:28:50,0.00%,0,$0.00 ,20180812
Oak Island,yahoo,1,1,1,0.00%,4,0:01:35,0.00%,0,$0.00 ,20180812
Ocean Isle Beach,google,1,1,1,100.00%,1,0:00:00,0.00%,0,$0.00 ,20180812
Oxford,com.google.android.googlequicksearchbox,1,0,1,0.00%,2,0:00:02,0.00%,0,$0.00 ,20180812
Raleigh,bing,1,0,1,100.00%,1,0:00:00,0.00%,0,$0.00 ,20180812
Raleigh,yahoo,1,0,1,100.00%,1,0:00:00,0.00%,0,$0.00 ,20180812
Roxboro,(direct),1,0,1,100.00%,1,0:00:00,0.00%,0,$0.00 ,20180812
Roxboro,myubc.org,1,0,2,50.00%,4,0:07:20,0.00%,0,$0.00 ,20180812
Shallotte,(direct),1,1,2,0.00%,2,0:05:53,0.00%,0,$0.00 ,20180812
Wake Forest,(direct),1,1,1,100.00%,1,0:00:00,0.00%,0,$0.00 ,20180812
Wake Forest,myubc.org,1,0,1,0.00%,2,0:00:13,0.00%,0,$0.00 ,20180812
Wendell,google,1,0,1,100.00%,1,0:00:00,0.00%,0,$0.00 ,20180812
Whiteville,google,1,0,1,0.00%,2,0:01:22,0.00%,0,$0.00 ,20180812
Williamston,(direct),1,1,1,100.00%,1,0:00:00,0.00%,0,$0.00 ,20180812
Wilson,myubc.org,1,0,1,100.00%,1,0:00:00,0.00%,0,$0.00 ,20180812
Winston-Salem,bing,1,1,1,100.00%,1,0:00:00,0.00%,0,$0.00 ,20180812
Montclair,google,1,1,1,100.00%,1,0:00:00,0.00%,0,$0.00 ,20180812
Newark,myubc.org,1,1,1,0.00%,4,0:02:33,0.00%,0,$0.00 ,20180812
Phillipsburg,(direct),1,0,1,100.00%,1,0:00:00,0.00%,0,$0.00 ,20180812
Marlboro,google,1,0,2,50.00%,5.5,0:04:18,0.00%,0,$0.00 ,20180812
Mount Vernon,myubc.org,1,1,1,0.00%,2,0:00:11,0.00%,0,$0.00 ,20180812
New York,(direct),1,1,1,100.00%,1,0:00:00,0.00%,0,$0.00 ,20180812
Oklahoma City,myubc.org,1,0,1,0.00%,2,0:00:18,0.00%,0,$0.00 ,20180812
Greensburg,(direct),1,1,1,100.00%,1,0:00:00,0.00%,0,$0.00 ,20180812
Philadelphia,(direct),1,0,1,0.00%,3,0:07:26,0.00%,0,$0.00 ,20180812
Philadelphia,google,1,1,1,100.00%,1,0:00:00,0.00%,0,$0.00 ,20180812
Pittsburgh,m.facebook.com,1,1,1,100.00%,1,0:00:00,0.00%,0,$0.00 ,20180812
Andrews,bing,1,1,1,100.00%,1,0:00:00,0.00%,0,$0.00 ,20180812
Columbia,(direct),1,0,1,100.00%,1,0:00:00,0.00%,0,$0.00 ,20180812
Columbia,myubc.org,1,1,1,0.00%,3,0:05:48,0.00%,0,$0.00 ,20180812
Myrtle Beach,(direct),1,1,1,0.00%,2,0:00:04,0.00%,0,$0.00 ,20180812
Nashville,(direct),1,1,1,100.00%,1,0:00:00,0.00%,0,$0.00 ,20180812
Dallas,myubc.org,1,1,2,50.00%,6.5,0:23:30,0.00%,0,$0.00 ,20180812
Fort Worth,(direct),1,1,1,100.00%,1,0:00:00,0.00%,0,$0.00 ,20180812
Houston,(direct),1,1,1,100.00%,1,0:00:00,0.00%,0,$0.00 ,20180812
Mesquite,myubc.org,1,1,1,0.00%,2,0:00:02,0.00%,0,$0.00 ,20180812
Newport News,bing,1,1,1,0.00%,5,0:07:09,0.00%,0,$0.00 ,20180812
Newport News,google,1,1,1,100.00%,1,0:00:00,0.00%,0,$0.00 ,20180812
Norfolk,myubc.org,1,0,1,100.00%,1,0:00:00,0.00%,0,$0.00 ,20180812
Richmond,myubc.org,1,1,1,100.00%,1,0:00:00,0.00%,0,$0.00 ,20180812
Stafford,(direct),1,0,1,100.00%,1,0:00:00,0.00%,0,$0.00 ,20180812
Stafford,google,1,0,1,0.00%,2,0:00:41,0.00%,0,$0.00 ,20180812
Virginia Beach,(direct),1,0,1,0.00%,3,0:00:44,0.00%,0,$0.00 ,20180812
Virginia Beach,myubc.org,1,1,1,0.00%,5,0:01:40,0.00%,0,$0.00 ,20180812
Seattle,google,1,1,1,100.00%,1,0:00:00,0.00%,0,$0.00 ,20180812
Churchville,l.facebook.com,1,1,1,0.00%,3,0:00:02,0.00%,0,$0.00 ,20180812
Flint Township,(direct),1,0,2,100.00%,1,0:00:00,0.00%,0,$0.00 ,20180812
Friendly,(direct),1,0,1,0.00%,2,0:00:12,0.00%,0,$0.00 ,20180812
Marvin,google,1,1,2,100.00%,1,0:00:00,0.00%,0,$0.00 ,20180812
North Druid Hills,myubc.org,1,1,2,50.00%,2,0:00:32,0.00%,0,$0.00 ,20180812
Spokane Valley,(direct),1,1,2,100.00%,1,0:00:00,0.00%,0,$0.00 ,20180812
,,530,313,643,49.77%,2.21,0:03:22,0.00%,0,$0.00 ,20180812
Durham,(direct),63,32,79,50.63%,2.57,0:04:49,0.00%,0,$0.00 ,20180819
Durham,google,58,31,70,45.71%,3.16,0:07:56,0.00%,0,$0.00 ,20180819
Durham,myubc.org,57,18,72,18.06%,3.99,0:06:38,0.00%,0,$0.00 ,20180819
Charlotte,google,17,9,23,47.83%,2.78,0:04:51,0.00%,0,$0.00 ,20180819
Durham,bing,16,10,24,70.83%,1.83,0:02:47,0.00%,0,$0.00 ,20180819
Charlotte,(direct),15,8,18,66.67%,1.44,0:01:02,0.00%,0,$0.00 ,20180819
Charlotte,myubc.org,15,6,15,20.00%,2.53,0:06:26,0.00%,0,$0.00 ,20180819
Raleigh,google,9,2,10,70.00%,1.4,0:01:46,0.00%,0,$0.00 ,20180819
Atlanta,(direct),8,2,10,10.00%,4.8,0:10:13,0.00%,0,$0.00 ,20180819
Franklin,(direct),8,5,9,33.33%,2.22,0:10:17,0.00%,0,$0.00 ,20180819
New York,(direct),6,6,6,83.33%,1.67,0:00:11,0.00%,0,$0.00 ,20180819
Atlanta,google,5,4,7,71.43%,1.86,0:00:47,0.00%,0,$0.00 ,20180819
Atlanta,myubc.org,5,4,7,28.57%,3.29,0:03:54,0.00%,0,$0.00 ,20180819
Franklin,google,5,1,6,16.67%,2.67,0:15:12,0.00%,0,$0.00 ,20180819
Winston-Salem,google,5,3,5,40.00%,1.6,0:00:29,0.00%,0,$0.00 ,20180819
North Druid Hills,myubc.org,5,3,5,40.00%,2,0:05:57,0.00%,0,$0.00 ,20180819
Chapel Hill,google,4,3,4,50.00%,2,0:02:08,0.00%,0,$0.00 ,20180819
Creedmoor,google,4,3,4,50.00%,4.25,0:19:19,0.00%,0,$0.00 ,20180819
Franklin,myubc.org,4,2,4,0.00%,7.75,0:12:44,0.00%,0,$0.00 ,20180819
Raleigh,(direct),4,0,5,80.00%,1.2,0:00:21,0.00%,0,$0.00 ,20180819
Raleigh,myubc.org,4,2,7,14.29%,5.71,0:06:59,0.00%,0,$0.00 ,20180819
Cincinnati,(direct),4,4,4,0.00%,5.75,0:01:22,0.00%,0,$0.00 ,20180819
North Druid Hills,(direct),4,4,4,75.00%,1.25,0:00:01,0.00%,0,$0.00 ,20180819
(not set),myubc.org,3,3,4,0.00%,5.25,0:18:50,0.00%,0,$0.00 ,20180819
Cary,myubc.org,3,2,3,0.00%,4,0:04:40,0.00%,0,$0.00 ,20180819
Roanoke Rapids,google,3,3,3,33.33%,3,0:10:40,0.00%,0,$0.00 ,20180819
New York,google,3,0,3,66.67%,2,0:02:50,0.00%,0,$0.00 ,20180819
Orlando,google,2,0,2,100.00%,1,0:00:00,0.00%,0,$0.00 ,20180819
Atlanta,yahoo,2,1,2,0.00%,2,0:14:46,0.00%,0,$0.00 ,20180819
Burnsville,google,2,2,2,50.00%,1.5,0:01:43,0.00%,0,$0.00 ,20180819
Cary,(direct),2,0,2,100.00%,1,0:00:00,0.00%,0,$0.00 ,20180819
Cary,google,2,1,4,75.00%,1.25,0:05:08,0.00%,0,$0.00 ,20180819
Chapel Hill,(direct),2,2,2,50.00%,4.5,0:14:27,0.00%,0,$0.00 ,20180819
Chapel Hill,myubc.org,2,0,5,0.00%,3.4,0:08:22,0.00%,0,$0.00 ,20180819
Creedmoor,myubc.org,2,1,2,0.00%,2,0:00:10,0.00%,0,$0.00 ,20180819
Franklin,bing,2,1,6,83.33%,1.17,0:00:07,0.00%,0,$0.00 ,20180819
Greensboro,(direct),2,2,3,66.67%,2,0:00:23,0.00%,0,$0.00 ,20180819
Greensboro,google,2,1,2,100.00%,1,0:00:00,0.00%,0,$0.00 ,20180819
Greensboro,myubc.org,2,1,3,66.67%,1.67,0:03:16,0.00%,0,$0.00 ,20180819
Henderson,(direct),2,2,2,50.00%,1.5,0:00:37,0.00%,0,$0.00 ,20180819
High Point,google,2,1,5,60.00%,3.2,0:04:46,0.00%,0,$0.00 ,20180819
Hillsborough,myubc.org,2,1,2,0.00%,3,0:00:35,0.00%,0,$0.00 ,20180819
Mebane,myubc.org,2,0,2,0.00%,4,0:10:41,0.00%,0,$0.00 ,20180819
Raleigh,bing,2,0,9,77.78%,2.33,0:09:24,0.00%,0,$0.00 ,20180819
Swannanoa,yahoo,2,1,2,0.00%,5,0:22:21,0.00%,0,$0.00 ,20180819
Sylva,(direct),2,0,2,100.00%,1,0:00:00,0.00%,0,$0.00 ,20180819
Whiteville,myubc.org,2,1,4,0.00%,2.75,0:07:41,0.00%,0,$0.00 ,20180819
Williamston,(direct),2,1,2,0.00%,2.5,0:12:24,0.00%,0,$0.00 ,20180819
New York,myubc.org,2,0,2,0.00%,2.5,0:01:11,0.00%,0,$0.00 ,20180819
Philadelphia,(direct),2,0,2,0.00%,2,0:04:44,0.00%,0,$0.00 ,20180819
Charleston,(direct),2,2,2,50.00%,2,0:00:29,0.00%,0,$0.00 ,20180819
Dallas,myubc.org,2,0,4,50.00%,4.25,0:15:19,0.00%,0,$0.00 ,20180819
Chantilly,google,2,2,4,25.00%,4.5,0:06:47,0.00%,0,$0.00 ,20180819
Charlottesville,google,2,1,2,50.00%,1.5,0:01:03,0.00%,0,$0.00 ,20180819
Fearrington,google,2,0,2,50.00%,2.5,0:02:40,0.00%,0,$0.00 ,20180819
Mobile,myubc.org,1,1,1,0.00%,2,0:00:03,0.00%,0,$0.00 ,20180819
Washington,myubc.org,1,0,2,50.00%,1.5,0:00:02,0.00%,0,$0.00 ,20180819
Miami Beach,(direct),1,0,1,0.00%,3,0:03:47,0.00%,0,$0.00 ,20180819
Orlando,(direct),1,0,1,0.00%,2,0:15:10,0.00%,0,$0.00 ,20180819
Atlanta,cvriskcalculator.com,1,0,1,0.00%,8,0:22:00,0.00%,0,$0.00 ,20180819
Riverdale,(direct),1,1,2,50.00%,1.5,0:00:38,0.00%,0,$0.00 ,20180819
Roswell,myubc.org,1,0,1,100.00%,1,0:00:00,0.00%,0,$0.00 ,20180819
Louisville,google,1,1,1,0.00%,4,0:00:57,0.00%,0,$0.00 ,20180819
Addis,myubc.org,1,1,1,0.00%,2,0:00:10,0.00%,0,$0.00 ,20180819
Baltimore,google,1,1,1,0.00%,5,0:01:33,0.00%,0,$0.00 ,20180819
Hyattsville,(direct),1,0,1,0.00%,2,0:00:02,0.00%,0,$0.00 ,20180819
Bay Saint Louis,r.search.aol.com,1,1,2,50.00%,1.5,0:02:53,0.00%,0,$0.00 ,20180819
Apex,(direct),1,1,1,100.00%,1,0:00:00,0.00%,0,$0.00 ,20180819
Butner,google,1,1,1,100.00%,1,0:00:00,0.00%,0,$0.00 ,20180819
Cary,bing,1,1,1,100.00%,1,0:00:00,0.00%,0,$0.00 ,20180819
Chapel Hill,yahoo,1,1,1,100.00%,1,0:00:00,0.00%,0,$0.00 ,20180819
Charlotte,dnsrsearch.com,1,0,1,0.00%,3,0:27:56,0.00%,0,$0.00 ,20180819
Concord,myubc.org,1,0,1,0.00%,2,0:00:17,0.00%,0,$0.00 ,20180819
Creedmoor,(direct),1,1,1,0.00%,7,0:10:02,0.00%,0,$0.00 ,20180819
Durham,dnserrorassist.att.net,1,0,1,100.00%,1,0:00:00,0.00%,0,$0.00 ,20180819
Durham,outlook.live.com,1,1,1,100.00%,1,0:00:00,0.00%,0,$0.00 ,20180819
Fuquay Varina,google,1,0,1,100.00%,1,0:00:00,0.00%,0,$0.00 ,20180819
Fuquay Varina,myubc.org,1,1,1,0.00%,3,0:00:29,0.00%,0,$0.00 ,20180819
Greensboro,yahoo,1,0,1,100.00%,1,0:00:00,0.00%,0,$0.00 ,20180819
Henderson,google,1,1,1,100.00%,1,0:00:00,0.00%,0,$0.00 ,20180819
High Point,(direct),1,0,1,0.00%,2,0:00:04,0.00%,0,$0.00 ,20180819
High Point,myubc.org,1,0,1,0.00%,2,0:01:34,0.00%,0,$0.00 ,20180819
Hillsborough,bing,1,0,1,100.00%,1,0:00:00,0.00%,0,$0.00 ,20180819
Hillsborough,google,1,0,2,100.00%,1,0:00:00,0.00%,0,$0.00 ,20180819
Jacksonville,(direct),1,0,2,50.00%,3.5,0:05:08,0.00%,0,$0.00 ,20180819
Jacksonville,google,1,0,1,0.00%,2,0:00:20,0.00%,0,$0.00 ,20180819
Kernersville,google,1,0,1,100.00%,1,0:00:00,0.00%,0,$0.00 ,20180819
Kittrell,myubc.org,1,0,1,100.00%,1,0:00:00,0.00%,0,$0.00 ,20180819
Knightdale,myubc.org,1,0,1,0.00%,2,0:00:15,0.00%,0,$0.00 ,20180819
Leland,myubc.org,1,1,1,0.00%,3,0:02:46,0.00%,0,$0.00 ,20180819
Mebane,(direct),1,0,1,0.00%,5,0:24:48,0.00%,0,$0.00 ,20180819
Mebane,google,1,1,1,0.00%,5,0:01:00,0.00%,0,$0.00 ,20180819
Morrisville,(direct),1,1,1,0.00%,2,0:01:26,0.00%,0,$0.00 ,20180819
Morrisville,google,1,1,1,100.00%,1,0:00:00,0.00%,0,$0.00 ,20180819
Oxford,(direct),1,0,1,0.00%,2,0:00:06,0.00%,0,$0.00 ,20180819
Oxford,bing,1,1,1,0.00%,3,0:10:26,0.00%,0,$0.00 ,20180819
Raleigh,yahoo,1,1,1,100.00%,1,0:00:00,0.00%,0,$0.00 ,20180819
Roanoke Rapids,(direct),1,0,2,50.00%,2.5,0:03:12,0.00%,0,$0.00 ,20180819
Roanoke Rapids,myubc.org,1,0,1,0.00%,8,0:29:43,0.00%,0,$0.00 ,20180819
Roxboro,google,1,1,1,0.00%,5,0:08:14,0.00%,0,$0.00 ,20180819
Roxboro,myubc.org,1,0,2,0.00%,4.5,0:06:31,0.00%,0,$0.00 ,20180819
Siler City,(direct),1,1,1,100.00%,1,0:00:00,0.00%,0,$0.00 ,20180819
Swannanoa,facebook.com,1,0,1,100.00%,1,0:00:00,0.00%,0,$0.00 ,20180819
Sylva,google,1,1,1,100.00%,1,0:00:00,0.00%,0,$0.00 ,20180819
Wake Forest,google,1,1,1,0.00%,2,0:00:38,0.00%,0,$0.00 ,20180819
Wake Forest,myubc.org,1,0,3,0.00%,2,0:00:23,0.00%,0,$0.00 ,20180819
Wendell,google,1,0,1,100.00%,1,0:00:00,0.00%,0,$0.00 ,20180819
Wilson,google,1,1,1,100.00%,1,0:00:00,0.00%,0,$0.00 ,20180819
Winston-Salem,frontpage.pch.com,1,1,1,100.00%,1,0:00:00,0.00%,0,$0.00 ,20180819
Winston-Salem,myubc.org,1,0,1,0.00%,2,0:00:09,0.00%,0,$0.00 ,20180819
New York,myactivity.google.com,1,0,1,0.00%,3,0:18:38,0.00%,0,$0.00 ,20180819
Newburgh,google,1,0,3,66.67%,2,0:00:43,0.00%,0,$0.00 ,20180819
Cincinnati,bing,1,1,2,100.00%,1,0:00:00,0.00%,0,$0.00 ,20180819
Lancaster,(direct),1,0,1,100.00%,1,0:00:00,0.00%,0,$0.00 ,20180819
Philadelphia,google,1,0,1,0.00%,2,0:12:41,0.00%,0,$0.00 ,20180819
Blythewood,(direct),1,0,1,0.00%,5,0:13:38,0.00%,0,$0.00 ,20180819
Columbia,google,1,1,1,100.00%,1,0:00:00,0.00%,0,$0.00 ,20180819
Conway,(direct),1,1,1,100.00%,1,0:00:00,0.00%,0,$0.00 ,20180819
Kingstree,bing,1,0,1,100.00%,1,0:00:00,0.00%,0,$0.00 ,20180819
Manning,google,1,1,1,100.00%,1,0:00:00,0.00%,0,$0.00 ,20180819
Myrtle Beach,google,1,1,1,0.00%,2,0:01:22,0.00%,0,$0.00 ,20180819
Myrtle Beach,myubc.org,1,0,1,0.00%,2,0:00:03,0.00%,0,$0.00 ,20180819
North Myrtle Beach,(direct),1,0,1,0.00%,3,0:01:10,0.00%,0,$0.00 ,20180819
Sumter,myubc.org,1,0,1,0.00%,2,0:00:04,0.00%,0,$0.00 ,20180819
Johnson City,google,1,0,1,100.00%,1,0:00:00,0.00%,0,$0.00 ,20180819
Johnson City,myubc.org,1,1,1,0.00%,4,0:08:35,0.00%,0,$0.00 ,20180819
Nashville,google,1,1,2,0.00%,3,0:01:37,0.00%,0,$0.00 ,20180819
Carrollton,myubc.org,1,0,1,0.00%,2,0:00:02,0.00%,0,$0.00 ,20180819
Dallas,(direct),1,0,1,100.00%,1,0:00:00,0.00%,0,$0.00 ,20180819
Dallas,google,1,0,1,100.00%,1,0:00:00,0.00%,0,$0.00 ,20180819
Kilgore,google,1,0,1,100.00%,1,0:00:00,0.00%,0,$0.00 ,20180819
Kilgore,myubc.org,1,1,1,0.00%,2,0:00:08,0.00%,0,$0.00 ,20180819
Missouri City,google,1,1,1,100.00%,1,0:00:00,0.00%,0,$0.00 ,20180819
Annandale,(direct),1,1,1,0.00%,10,0:08:57,0.00%,0,$0.00 ,20180819
Annandale,google,1,0,1,0.00%,7,0:03:57,0.00%,0,$0.00 ,20180819
Arlington,myubc.org,1,0,1,0.00%,5,0:04:56,0.00%,0,$0.00 ,20180819
Chantilly,(direct),1,1,1,100.00%,1,0:00:00,0.00%,0,$0.00 ,20180819
Charlottesville,bing,1,0,1,100.00%,1,0:00:00,0.00%,0,$0.00 ,20180819
Newport News,myubc.org,1,1,1,0.00%,10,0:06:47,0.00%,0,$0.00 ,20180819
Norfolk,(direct),1,0,1,100.00%,1,0:00:00,0.00%,0,$0.00 ,20180819
Norfolk,google,1,1,1,0.00%,4,0:03:46,0.00%,0,$0.00 ,20180819
Virginia Beach,google,1,0,1,0.00%,18,0:38:44,0.00%,0,$0.00 ,20180819
Seattle,(direct),1,1,1,0.00%,2,0:00:44,0.00%,0,$0.00 ,20180819
Friendly,(direct),1,0,1,0.00%,2,0:00:04,0.00%,0,$0.00 ,20180819
Friendly,google,1,0,1,0.00%,3,0:23:52,0.00%,0,$0.00 ,20180819
Myrtle Grove,myubc.org,1,0,1,100.00%,1,0:00:00,0.00%,0,$0.00 ,20180819
Panthersville,myubc.org,1,0,1,0.00%,2,0:00:04,0.00%,0,$0.00 ,20180819
Spokane Valley,(direct),1,0,1,100.00%,1,0:00:00,0.00%,0,$0.00 ,20180819
Wheaton-Glenmont,google,1,1,1,100.00%,1,0:00:00,0.00%,0,$0.00 ,20180819
,,487,235,601,42.93%,2.82,0:05:23,0.00%,0,$0.00 ,20180819
Durham,google,70,39,81,59.26%,2.36,0:04:50,0.00%,0,$0.00 ,20180826
Durham,myubc.org,62,21,78,16.67%,3.88,0:06:26,0.00%,0,$0.00 ,20180826
Durham,(direct),52,20,68,48.53%,2.22,0:04:54,0.00%,0,$0.00 ,20180826
Charlotte,google,20,6,27,48.15%,2.52,0:05:18,0.00%,0,$0.00 ,20180826
Raleigh,google,15,7,18,33.33%,3.44,0:11:46,0.00%,0,$0.00 ,20180826
Durham,bing,12,5,16,62.50%,1.75,0:04:31,0.00%,0,$0.00 ,20180826
Raleigh,(direct),11,4,13,30.77%,2.38,0:05:10,0.00%,0,$0.00 ,20180826
Charlotte,(direct),10,6,15,53.33%,3.27,0:05:41,0.00%,0,$0.00 ,20180826
Franklin,(direct),10,6,11,72.73%,1.27,0:01:53,0.00%,0,$0.00 ,20180826
Charlotte,myubc.org,9,5,10,30.00%,2.8,0:03:22,0.00%,0,$0.00 ,20180826
Atlanta,google,8,5,9,66.67%,1.67,0:03:31,0.00%,0,$0.00 ,20180826
Atlanta,(direct),7,1,9,44.44%,2.56,0:01:47,0.00%,0,$0.00 ,20180826
Raleigh,myubc.org,5,2,6,16.67%,10.83,0:15:38,0.00%,0,$0.00 ,20180826
Greensboro,(direct),4,4,4,75.00%,1.25,0:03:47,0.00%,0,$0.00 ,20180826
New York,(direct),4,4,4,50.00%,3,0:07:02,0.00%,0,$0.00 ,20180826
Norfolk,myubc.org,4,2,7,14.29%,2.43,0:03:24,0.00%,0,$0.00 ,20180826
Atlanta,myubc.org,3,1,4,50.00%,1.75,0:00:21,0.00%,0,$0.00 ,20180826
Durham,yahoo,3,2,4,50.00%,1.75,0:01:37,0.00%,0,$0.00 ,20180826
Franklin,google,3,1,3,33.33%,2,0:16:06,0.00%,0,$0.00 ,20180826
Hillsborough,myubc.org,3,2,4,0.00%,2,0:00:46,0.00%,0,$0.00 ,20180826
Mebane,myubc.org,3,1,4,0.00%,3.25,0:00:30,0.00%,0,$0.00 ,20180826
Norfolk,google,3,2,4,25.00%,4,0:11:27,0.00%,0,$0.00 ,20180826
Miami,(direct),2,1,2,50.00%,1.5,0:04:31,0.00%,0,$0.00 ,20180826
Smyrna,myubc.org,2,2,2,0.00%,2,0:00:04,0.00%,0,$0.00 ,20180826
Apex,google,2,2,3,66.67%,3.67,0:07:24,0.00%,0,$0.00 ,20180826
Cary,bing,2,2,3,66.67%,1.67,0:00:52,0.00%,0,$0.00 ,20180826
Cary,myubc.org,2,1,3,33.33%,3.67,0:10:32,0.00%,0,$0.00 ,20180826
Cashiers,(direct),2,1,3,66.67%,1.33,0:00:05,0.00%,0,$0.00 ,20180826
Chapel Hill,myubc.org,2,2,2,0.00%,3,0:00:21,0.00%,0,$0.00 ,20180826
Durham,m.facebook.com,2,1,3,66.67%,1.33,0:00:12,0.00%,0,$0.00 ,20180826
Franklin,myubc.org,2,2,2,0.00%,3.5,0:10:08,0.00%,0,$0.00 ,20180826
Greensboro,google,2,1,4,100.00%,1,0:00:00,0.00%,0,$0.00 ,20180826
Greensboro,myubc.org,2,2,3,33.33%,2,0:00:54,0.00%,0,$0.00 ,20180826
Hillsborough,google,2,1,3,33.33%,2.33,0:01:19,0.00%,0,$0.00 ,20180826
Huntersville,google,2,2,2,50.00%,1.5,0:01:20,0.00%,0,$0.00 ,20180826
Mebane,google,2,1,3,100.00%,1,0:00:00,0.00%,0,$0.00 ,20180826
Raleigh,bing,2,0,3,66.67%,3.67,0:16:51,0.00%,0,$0.00 ,20180826
Wake Forest,google,2,2,3,100.00%,1,0:00:00,0.00%,0,$0.00 ,20180826
Wake Forest,m.facebook.com,2,2,2,50.00%,1.5,0:00:03,0.00%,0,$0.00 ,20180826
Wake Forest,myubc.org,2,1,3,33.33%,2,0:05:48,0.00%,0,$0.00 ,20180826
Wilmington,myubc.org,2,1,3,33.33%,5.33,0:05:40,0.00%,0,$0.00 ,20180826
New York,google,2,1,3,66.67%,1.33,0:03:08,0.00%,0,$0.00 ,20180826
New York,m.facebook.com,2,2,2,50.00%,2,0:00:22,0.00%,0,$0.00 ,20180826
Blythewood,(direct),2,0,3,100.00%,1,0:00:00,0.00%,0,$0.00 ,20180826
Norfolk,(direct),2,1,2,50.00%,4,0:06:07,0.00%,0,$0.00 ,20180826
Virginia Beach,(direct),2,1,2,50.00%,2,0:01:31,0.00%,0,$0.00 ,20180826
Virginia Beach,google,2,0,2,0.00%,3.5,0:04:21,0.00%,0,$0.00 ,20180826
Virginia Beach,myubc.org,2,0,2,0.00%,3,0:05:02,0.00%,0,$0.00 ,20180826
Miramar,bing,2,2,3,66.67%,1.33,0:01:24,0.00%,0,$0.00 ,20180826
(not set),myubc.org,1,0,1,0.00%,17,0:24:55,0.00%,0,$0.00 ,20180826
Corona,myubc.org,1,0,1,0.00%,6,0:06:43,0.00%,0,$0.00 ,20180826
Norwalk,yahoo,1,0,2,50.00%,2.5,0:11:52,0.00%,0,$0.00 ,20180826
Miami,myubc.org,1,1,2,0.00%,3.5,0:01:34,0.00%,0,$0.00 ,20180826
Tampa,m.facebook.com,1,1,1,0.00%,3,0:01:55,0.00%,0,$0.00 ,20180826
Atlanta,cvriskcalculator.com,1,0,3,33.33%,1.67,0:00:14,0.00%,0,$0.00 ,20180826
Atlanta,yahoo,1,0,1,0.00%,8,0:07:44,0.00%,0,$0.00 ,20180826
McDonough,(direct),1,0,2,50.00%,2.5,0:08:00,0.00%,0,$0.00 ,20180826
Indianapolis,(direct),1,0,1,100.00%,1,0:00:00,0.00%,0,$0.00 ,20180826
Kokomo,(direct),1,0,1,100.00%,1,0:00:00,0.00%,0,$0.00 ,20180826
Emporia,google,1,1,1,100.00%,1,0:00:00,0.00%,0,$0.00 ,20180826
Louisville,myubc.org,1,1,1,0.00%,6,0:16:14,0.00%,0,$0.00 ,20180826
Elkridge,myubc.org,1,1,1,0.00%,2,0:00:09,0.00%,0,$0.00 ,20180826
Salisbury,(direct),1,1,1,100.00%,1,0:00:00,0.00%,0,$0.00 ,20180826
Kansas City,google,1,1,1,100.00%,1,0:00:00,0.00%,0,$0.00 ,20180826
Angier,myubc.org,1,0,1,0.00%,4,0:01:27,0.00%,0,$0.00 ,20180826
Apex,myubc.org,1,0,1,0.00%,5,0:02:07,0.00%,0,$0.00 ,20180826
Bailey,myubc.org,1,1,1,0.00%,9,0:10:54,0.00%,0,$0.00 ,20180826
Benson,google,1,1,1,100.00%,1,0:00:00,0.00%,0,$0.00 ,20180826
Benson,myubc.org,1,0,1,0.00%,3,0:00:32,0.00%,0,$0.00 ,20180826
Boone,myubc.org,1,1,2,50.00%,2.5,0:01:38,0.00%,0,$0.00 ,20180826
Buies Creek,(direct),1,1,1,0.00%,3,0:17:37,0.00%,0,$0.00 ,20180826
Burnsville,google,1,0,2,100.00%,1,0:00:00,0.00%,0,$0.00 ,20180826
Carrboro,(direct),1,0,1,0.00%,3,0:04:17,0.00%,0,$0.00 ,20180826
Cary,(direct),1,0,1,0.00%,2,0:08:31,0.00%,0,$0.00 ,20180826
Cary,google,1,0,1,100.00%,1,0:00:00,0.00%,0,$0.00 ,20180826
Chapel Hill,google,1,0,3,33.33%,4,0:09:20,0.00%,0,$0.00 ,20180826
Charlotte,m.facebook.com,1,1,1,100.00%,1,0:00:00,0.00%,0,$0.00 ,20180826
Creedmoor,myubc.org,1,0,1,0.00%,4,0:05:35,0.00%,0,$0.00 ,20180826
Durham,dnserrorassist.att.net,1,0,2,50.00%,1.5,0:00:10,0.00%,0,$0.00 ,20180826
Farmville,m.facebook.com,1,1,1,0.00%,3,0:00:35,0.00%,0,$0.00 ,20180826
Fayetteville,google,1,0,2,50.00%,3,0:03:03,0.00%,0,$0.00 ,20180826
Fayetteville,myubc.org,1,1,1,0.00%,5,0:29:41,0.00%,0,$0.00 ,20180826
Franklin,bing,1,1,1,100.00%,1,0:00:00,0.00%,0,$0.00 ,20180826
Graham,(direct),1,0,1,100.00%,1,0:00:00,0.00%,0,$0.00 ,20180826
Graham,google,1,1,1,100.00%,1,0:00:00,0.00%,0,$0.00 ,20180826
Greensboro,bing,1,0,1,100.00%,1,0:00:00,0.00%,0,$0.00 ,20180826
Greensboro,m.facebook.com,1,0,1,100.00%,1,0:00:00,0.00%,0,$0.00 ,20180826
Greenville,google,1,1,1,0.00%,12,0:13:45,0.00%,0,$0.00 ,20180826
High Point,google,1,0,1,100.00%,1,0:00:00,0.00%,0,$0.00 ,20180826
High Point,myubc.org,1,0,1,0.00%,3,0:14:42,0.00%,0,$0.00 ,20180826
Hillsborough,(direct),1,1,1,100.00%,1,0:00:00,0.00%,0,$0.00 ,20180826
Huntersville,myubc.org,1,1,1,0.00%,3,0:02:16,0.00%,0,$0.00 ,20180826
Kinston,(direct),1,0,2,50.00%,3.5,0:11:07,0.00%,0,$0.00 ,20180826
Kinston,myubc.org,1,0,1,0.00%,4,0:06:47,0.00%,0,$0.00 ,20180826
Knightdale,myubc.org,1,0,1,0.00%,2,0:00:12,0.00%,0,$0.00 ,20180826
Marion,google,1,0,2,50.00%,2,0:00:29,0.00%,0,$0.00 ,20180826
Mebane,bing,1,1,1,0.00%,2,0:05:28,0.00%,0,$0.00 ,20180826
Oxford,(direct),1,0,1,0.00%,3,0:19:09,0.00%,0,$0.00 ,20180826
Raleigh,yahoo,1,1,1,100.00%,1,0:00:00,0.00%,0,$0.00 ,20180826
Reidsville,m.facebook.com,1,0,1,100.00%,1,0:00:00,0.00%,0,$0.00 ,20180826
Roxboro,google,1,0,1,0.00%,6,0:03:21,0.00%,0,$0.00 ,20180826
Roxboro,myubc.org,1,0,3,33.33%,6.67,0:28:39,0.00%,0,$0.00 ,20180826
Siler City,(direct),1,1,1,100.00%,1,0:00:00,0.00%,0,$0.00 ,20180826
Swannanoa,myubc.org,1,0,1,0.00%,8,0:19:07,0.00%,0,$0.00 ,20180826
Swannanoa,yahoo,1,0,2,50.00%,1.5,0:00:15,0.00%,0,$0.00 ,20180826
Swansboro,myubc.org,1,1,1,0.00%,3,0:00:25,0.00%,0,$0.00 ,20180826
Sylva,(direct),1,0,2,100.00%,1,0:00:00,0.00%,0,$0.00 ,20180826
Sylva,bing,1,0,1,100.00%,1,0:00:00,0.00%,0,$0.00 ,20180826
Williamston,(direct),1,0,1,100.00%,1,0:00:00,0.00%,0,$0.00 ,20180826
Winston-Salem,(direct),1,0,2,100.00%,1,0:00:00,0.00%,0,$0.00 ,20180826
Winston-Salem,google,1,0,1,100.00%,1,0:00:00,0.00%,0,$0.00 ,20180826
Winston-Salem,myubc.org,1,0,1,0.00%,2,0:00:03,0.00%,0,$0.00 ,20180826
Cherry Hill,(direct),1,0,1,0.00%,3,0:11:29,0.00%,0,$0.00 ,20180826
Mount Laurel,(direct),1,0,2,50.00%,3.5,0:17:13,0.00%,0,$0.00 ,20180826
Newark,google,1,0,2,50.00%,4.5,0:09:23,0.00%,0,$0.00 ,20180826
Newark,myubc.org,1,0,1,0.00%,7,0:09:20,0.00%,0,$0.00 ,20180826
New York,myubc.org,1,0,3,0.00%,3,0:01:16,0.00%,0,$0.00 ,20180826
Newburgh,google,1,0,3,66.67%,1.33,0:00:02,0.00%,0,$0.00 ,20180826
Philadelphia,(direct),1,0,2,0.00%,2,0:12:29,0.00%,0,$0.00 ,20180826
Pittsburgh,m.facebook.com,1,0,2,100.00%,1,0:00:00,0.00%,0,$0.00 ,20180826
Columbia,myubc.org,1,1,1,0.00%,7,0:01:03,0.00%,0,$0.00 ,20180826
Conway,(direct),1,1,1,100.00%,1,0:00:00,0.00%,0,$0.00 ,20180826
Myrtle Beach,bing,1,1,1,0.00%,4,0:13:48,0.00%,0,$0.00 ,20180826
Myrtle Beach,myubc.org,1,0,1,0.00%,2,0:00:07,0.00%,0,$0.00 ,20180826
Chattanooga,myubc.org,1,0,1,0.00%,2,0:00:06,0.00%,0,$0.00 ,20180826
Knoxville,(direct),1,0,1,0.00%,3,0:00:46,0.00%,0,$0.00 ,20180826
Nashville,(direct),1,1,3,33.33%,4,0:13:14,0.00%,0,$0.00 ,20180826
Fort Worth,(direct),1,1,1,0.00%,4,0:25:28,0.00%,0,$0.00 ,20180826
Fort Worth,myubc.org,1,0,1,100.00%,1,0:00:00,0.00%,0,$0.00 ,20180826
Rosenberg,myubc.org,1,1,1,0.00%,4,0:01:24,0.00%,0,$0.00 ,20180826
Waco,google,1,1,1,100.00%,1,0:00:00,0.00%,0,$0.00 ,20180826
Chantilly,google,1,0,2,100.00%,1,0:00:00,0.00%,0,$0.00 ,20180826
Colonial Heights,(direct),1,0,1,0.00%,12,0:32:09,0.00%,0,$0.00 ,20180826
Reston,myubc.org,1,0,2,50.00%,1.5,0:00:01,0.00%,0,$0.00 ,20180826
Richmond,google,1,1,1,100.00%,1,0:00:00,0.00%,0,$0.00 ,20180826
Brookhaven,myubc.org,1,1,1,0.00%,2,0:00:08,0.00%,0,$0.00 ,20180826
Dale City,google,1,1,1,100.00%,1,0:00:00,0.00%,0,$0.00 ,20180826
Friendly,(direct),1,0,3,0.00%,4,0:10:13,0.00%,0,$0.00 ,20180826
Friendly,google,1,0,1,100.00%,1,0:00:00,0.00%,0,$0.00 ,20180826
Holden Beach,(direct),1,0,3,100.00%,1,0:00:00,0.00%,0,$0.00 ,20180826
North Plainfield,myubc.org,1,0,1,100.00%,1,0:00:00,0.00%,0,$0.00 ,20180826
Saxapahaw,(direct),1,0,1,0.00%,2,0:00:25,0.00%,0,$0.00 ,20180826
Spokane Valley,(direct),1,0,1,0.00%,2,0:09:53,0.00%,0,$0.00 ,20180826
Saint Charles,myubc.org,1,1,1,0.00%,2,0:00:02,0.00%,0,$0.00 ,20180826
West Springfield,(direct),1,1,1,100.00%,1,0:00:00,0.00%,0,$0.00 ,20180826
,,471,215,600,44.33%,2.74,0:05:08,0.00%,0,$0.00 ,20180826
Durham,google,51,18,70,58.57%,2.23,0:04:45,0.00%,0,$0.00 ,20180902
Durham,(direct),46,19,61,49.18%,2.3,0:05:40,0.00%,0,$0.00 ,20180902
Durham,myubc.org,43,13,60,13.33%,3.18,0:05:11,0.00%,0,$0.00 ,20180902
Charlotte,google,15,5,25,52.00%,2.28,0:05:19,0.00%,0,$0.00 ,20180902
Charlotte,myubc.org,15,7,19,21.05%,3.47,0:07:25,0.00%,0,$0.00 ,20180902
Charlotte,(direct),12,4,15,46.67%,2.53,0:06:20,0.00%,0,$0.00 ,20180902
Durham,bing,10,1,13,61.54%,1.54,0:01:18,0.00%,0,$0.00 ,20180902
Raleigh,(direct),9,5,12,75.00%,2.33,0:02:48,0.00%,0,$0.00 ,20180902
Atlanta,myubc.org,8,2,8,12.50%,4.25,0:06:28,0.00%,0,$0.00 ,20180902
Atlanta,(direct),7,4,9,77.78%,1.22,0:02:02,0.00%,0,$0.00 ,20180902
Raleigh,myubc.org,6,4,6,33.33%,2.5,0:00:24,0.00%,0,$0.00 ,20180902
Atlanta,google,5,4,7,100.00%,1,0:00:00,0.00%,0,$0.00 ,20180902
Chapel Hill,myubc.org,5,2,9,0.00%,2.22,0:00:20,0.00%,0,$0.00 ,20180902
Durham,yahoo,5,2,6,66.67%,1.33,0:00:19,0.00%,0,$0.00 ,20180902
Franklin,(direct),5,1,6,50.00%,1.5,0:02:04,0.00%,0,$0.00 ,20180902
Raleigh,google,5,2,9,44.44%,2,0:00:29,0.00%,0,$0.00 ,20180902
Cary,myubc.org,4,2,4,0.00%,8,0:14:06,0.00%,0,$0.00 ,20180902
Mebane,myubc.org,4,1,4,0.00%,3,0:10:00,0.00%,0,$0.00 ,20180902
New York,(direct),4,3,6,66.67%,1.83,0:03:07,0.00%,0,$0.00 ,20180902
(not set),google,3,3,4,75.00%,1.75,0:03:21,0.00%,0,$0.00 ,20180902
Orlando,google,3,0,3,33.33%,3,0:04:10,0.00%,0,$0.00 ,20180902
Orlando,myubc.org,3,2,3,33.33%,3,0:01:44,0.00%,0,$0.00 ,20180902
Cary,google,3,0,5,20.00%,1.8,0:07:35,0.00%,0,$0.00 ,20180902
Chapel Hill,google,3,2,3,66.67%,1.33,0:00:18,0.00%,0,$0.00 ,20180902
Wake Forest,google,3,2,4,75.00%,1.25,0:00:23,0.00%,0,$0.00 ,20180902
Williamston,(direct),3,1,3,100.00%,1,0:00:00,0.00%,0,$0.00 ,20180902
Norfolk,myubc.org,3,1,3,0.00%,4,0:02:54,0.00%,0,$0.00 ,20180902
Mobile,myubc.org,2,2,3,33.33%,2,0:00:51,0.00%,0,$0.00 ,20180902
Corona,myubc.org,2,1,2,0.00%,5.5,0:09:54,0.00%,0,$0.00 ,20180902
Savannah,myubc.org,2,0,5,0.00%,7.6,0:28:51,0.00%,0,$0.00 ,20180902
Charlotte,yahoo,2,0,3,100.00%,1,0:00:00,0.00%,0,$0.00 ,20180902
Franklin,google,2,0,2,50.00%,2.5,0:06:05,0.00%,0,$0.00 ,20180902
Franklin,myubc.org,2,1,2,0.00%,2.5,0:04:02,0.00%,0,$0.00 ,20180902
Hickory,bing,2,2,2,50.00%,1.5,0:00:22,0.00%,0,$0.00 ,20180902
Hillsborough,myubc.org,2,1,2,0.00%,2,0:00:07,0.00%,0,$0.00 ,20180902
Raleigh,bing,2,1,6,83.33%,1.67,0:03:06,0.00%,0,$0.00 ,20180902
Wake Forest,myubc.org,2,0,2,50.00%,1.5,0:00:08,0.00%,0,$0.00 ,20180902
Carrollton,myubc.org,2,1,3,33.33%,5.33,0:06:39,0.00%,0,$0.00 ,20180902
Saint Charles,myubc.org,2,2,2,0.00%,2,0:00:03,0.00%,0,$0.00 ,20180902
(not set),myubc.org,1,0,1,100.00%,1,0:00:00,0.00%,0,$0.00 ,20180902
Mobile,(direct),1,1,1,100.00%,1,0:00:00,0.00%,0,$0.00 ,20180902
Chandler,myubc.org,1,0,1,0.00%,2,0:00:04,0.00%,0,$0.00 ,20180902
Berkeley,(direct),1,1,1,0.00%,2,0:00:10,0.00%,0,$0.00 ,20180902
Oakland,google,1,1,1,100.00%,1,0:00:00,0.00%,0,$0.00 ,20180902
Pittsburg,(direct),1,1,1,100.00%,1,0:00:00,0.00%,0,$0.00 ,20180902
Hartford,google,1,1,1,100.00%,1,0:00:00,0.00%,0,$0.00 ,20180902
Middletown,(direct),1,0,1,100.00%,1,0:00:00,0.00%,0,$0.00 ,20180902
Washington,google,1,1,1,0.00%,7,0:09:48,0.00%,0,$0.00 ,20180902
Clayton,bing,1,0,2,50.00%,3.5,0:13:43,0.00%,0,$0.00 ,20180902
Clayton,yahoo,1,1,1,100.00%,1,0:00:00,0.00%,0,$0.00 ,20180902
Miami Beach,google,1,0,1,0.00%,3,0:29:41,0.00%,0,$0.00 ,20180902
Atlanta,cvriskcalculator.com,1,0,1,0.00%,6,0:03:49,0.00%,0,$0.00 ,20180902
Columbus,myubc.org,1,0,1,0.00%,2,0:00:25,0.00%,0,$0.00 ,20180902
Savannah,bing,1,1,1,0.00%,2,0:05:29,0.00%,0,$0.00 ,20180902
Savannah,google,1,0,1,0.00%,2,0:02:58,0.00%,0,$0.00 ,20180902
Honolulu,myubc.org,1,0,2,50.00%,1.5,0:00:02,0.00%,0,$0.00 ,20180902
Shreveport,(direct),1,1,1,100.00%,1,0:00:00,0.00%,0,$0.00 ,20180902
Billerica,bing,1,0,3,100.00%,1,0:00:00,0.00%,0,$0.00 ,20180902
Billerica,myubc.org,1,0,4,100.00%,1,0:00:00,0.00%,0,$0.00 ,20180902
Boston,(direct),1,0,3,66.67%,1.33,0:03:09,0.00%,0,$0.00 ,20180902
Hyattsville,(direct),1,0,1,0.00%,2,0:00:06,0.00%,0,$0.00 ,20180902
Black Mountain,myubc.org,1,0,2,0.00%,2,0:00:39,0.00%,0,$0.00 ,20180902
Black Mountain,yahoo,1,0,1,0.00%,3,0:04:16,0.00%,0,$0.00 ,20180902
Cherokee,(direct),1,1,1,0.00%,10,0:08:18,0.00%,0,$0.00 ,20180902
Clemmons,myubc.org,1,0,1,100.00%,1,0:00:00,0.00%,0,$0.00 ,20180902
Creedmoor,google,1,0,1,100.00%,1,0:00:00,0.00%,0,$0.00 ,20180902
Creedmoor,myubc.org,1,0,2,0.00%,4,0:20:44,0.00%,0,$0.00 ,20180902
Fayetteville,(direct),1,1,1,0.00%,3,0:01:38,0.00%,0,$0.00 ,20180902
Fayetteville,gospelmusicfever.blogspot.com,1,1,1,100.00%,1,0:00:00,0.00%,0,$0.00 ,20180902
Franklin,bing,1,0,1,100.00%,1,0:00:00,0.00%,0,$0.00 ,20180902
Goldsboro,google,1,1,1,100.00%,1,0:00:00,0.00%,0,$0.00 ,20180902
Goldsboro,myubc.org,1,1,1,0.00%,4,0:21:10,0.00%,0,$0.00 ,20180902
Graham,(direct),1,0,1,0.00%,6,0:07:59,0.00%,0,$0.00 ,20180902
Graham,google,1,0,1,0.00%,5,0:09:18,0.00%,0,$0.00 ,20180902
Greensboro,google,1,0,2,50.00%,1.5,0:03:24,0.00%,0,$0.00 ,20180902
Greensboro,myubc.org,1,1,1,0.00%,2,0:00:02,0.00%,0,$0.00 ,20180902
Hayesville,google,1,1,1,100.00%,1,0:00:00,0.00%,0,$0.00 ,20180902
Hickory,facebook.com,1,0,1,0.00%,2,0:00:52,0.00%,0,$0.00 ,20180902
High Point,google,1,1,1,100.00%,1,0:00:00,0.00%,0,$0.00 ,20180902
Hillsborough,bing,1,0,2,100.00%,1,0:00:00,0.00%,0,$0.00 ,20180902
Hillsborough,google,1,0,2,50.00%,1.5,0:00:03,0.00%,0,$0.00 ,20180902
Jacksonville,google,1,0,2,100.00%,1,0:00:00,0.00%,0,$0.00 ,20180902
Kernersville,google,1,1,1,100.00%,1,0:00:00,0.00%,0,$0.00 ,20180902
Knightdale,myubc.org,1,0,1,0.00%,2,0:00:12,0.00%,0,$0.00 ,20180902
Morrisville,google,1,1,1,100.00%,1,0:00:00,0.00%,0,$0.00 ,20180902
Murphy,myubc.org,1,0,1,0.00%,4,0:13:44,0.00%,0,$0.00 ,20180902
Oxford,(direct),1,0,2,50.00%,1.5,0:00:02,0.00%,0,$0.00 ,20180902
Rocky Mount,(direct),1,1,1,100.00%,1,0:00:00,0.00%,0,$0.00 ,20180902
Roxboro,(direct),1,1,2,0.00%,5,0:09:36,0.00%,0,$0.00 ,20180902
Roxboro,google,1,0,1,100.00%,1,0:00:00,0.00%,0,$0.00 ,20180902
Salisbury,m.facebook.com,1,1,1,100.00%,1,0:00:00,0.00%,0,$0.00 ,20180902
Selma,(direct),1,0,1,100.00%,1,0:00:00,0.00%,0,$0.00 ,20180902
Sylva,(direct),1,1,1,100.00%,1,0:00:00,0.00%,0,$0.00 ,20180902
Sylva,bing,1,0,1,100.00%,1,0:00:00,0.00%,0,$0.00 ,20180902
Timberlake,(direct),1,1,1,100.00%,1,0:00:00,0.00%,0,$0.00 ,20180902
Wake Forest,bing,1,1,1,100.00%,1,0:00:00,0.00%,0,$0.00 ,20180902
Whiteville,google,1,1,2,0.00%,2,0:12:27,0.00%,0,$0.00 ,20180902
Whiteville,myubc.org,1,0,2,50.00%,1.5,0:00:04,0.00%,0,$0.00 ,20180902
Winston-Salem,google,1,0,1,0.00%,2,0:01:24,0.00%,0,$0.00 ,20180902
Cherry Hill,(direct),1,0,2,50.00%,1.5,0:01:46,0.00%,0,$0.00 ,20180902
Mount Laurel,myubc.org,1,0,2,0.00%,4,0:06:22,0.00%,0,$0.00 ,20180902
Newark,(direct),1,1,1,100.00%,1,0:00:00,0.00%,0,$0.00 ,20180902
Las Vegas,yahoo,1,1,1,0.00%,3,0:02:14,0.00%,0,$0.00 ,20180902
New York,myubc.org,1,0,1,0.00%,2,0:00:33,0.00%,0,$0.00 ,20180902
Newburgh,google,1,0,2,50.00%,1.5,0:00:02,0.00%,0,$0.00 ,20180902
Cincinnati,(direct),1,1,1,0.00%,2,0:03:07,0.00%,0,$0.00 ,20180902
Cincinnati,myubc.org,1,1,1,100.00%,1,0:00:00,0.00%,0,$0.00 ,20180902
Cleveland,google,1,1,1,100.00%,1,0:00:00,0.00%,0,$0.00 ,20180902
Canonsburg,facebook.com,1,1,1,0.00%,4,0:28:01,0.00%,0,$0.00 ,20180902
Philadelphia,(direct),1,0,1,0.00%,3,0:16:46,0.00%,0,$0.00 ,20180902
Philadelphia,bing,1,1,1,100.00%,1,0:00:00,0.00%,0,$0.00 ,20180902
Philadelphia,google,1,1,1,100.00%,1,0:00:00,0.00%,0,$0.00 ,20180902
Pittsburgh,m.facebook.com,1,0,1,100.00%,1,0:00:00,0.00%,0,$0.00 ,20180902
Andrews,bing,1,0,1,100.00%,1,0:00:00,0.00%,0,$0.00 ,20180902
Blythewood,(direct),1,0,1,100.00%,1,0:00:00,0.00%,0,$0.00 ,20180902
Conway,(direct),1,0,2,50.00%,1.5,0:02:17,0.00%,0,$0.00 ,20180902
Myrtle Beach,myubc.org,1,1,3,66.67%,1.33,0:00:04,0.00%,0,$0.00 ,20180902
North Myrtle Beach,myubc.org,1,0,2,0.00%,6,0:11:51,0.00%,0,$0.00 ,20180902
Nashville,myubc.org,1,1,1,100.00%,1,0:00:00,0.00%,0,$0.00 ,20180902
Dallas,myubc.org,1,0,2,50.00%,5,0:04:31,0.00%,0,$0.00 ,20180902
Fort Worth,google,1,1,1,100.00%,1,0:00:00,0.00%,0,$0.00 ,20180902
Houston,(direct),1,1,1,0.00%,3,0:00:20,0.00%,0,$0.00 ,20180902
New Caney,(direct),1,0,1,100.00%,1,0:00:00,0.00%,0,$0.00 ,20180902
Tyler,(direct),1,1,1,100.00%,1,0:00:00,0.00%,0,$0.00 ,20180902
Charlottesville,bing,1,0,2,50.00%,1.5,0:03:08,0.00%,0,$0.00 ,20180902
Danville,m.facebook.com,1,0,2,100.00%,1,0:00:00,0.00%,0,$0.00 ,20180902
Hampton,google,1,1,1,0.00%,2,0:01:08,0.00%,0,$0.00 ,20180902
Norfolk,(direct),1,0,1,0.00%,2,0:00:02,0.00%,0,$0.00 ,20180902
Virginia Beach,(direct),1,0,1,0.00%,12,1:03:04,0.00%,0,$0.00 ,20180902
Fearrington,google,1,1,1,100.00%,1,0:00:00,0.00%,0,$0.00 ,20180902
Fearrington,myubc.org,1,0,2,50.00%,1.5,0:00:04,0.00%,0,$0.00 ,20180902
Fearrington,yahoo,1,1,1,100.00%,1,0:00:00,0.00%,0,$0.00 ,20180902
Friendly,(direct),1,0,1,0.00%,2,0:00:04,0.00%,0,$0.00 ,20180902
Friendly,google,1,1,1,0.00%,2,0:00:33,0.00%,0,$0.00 ,20180902
Friendly,myubc.org,1,1,1,0.00%,3,0:28:59,0.00%,0,$0.00 ,20180902
Holden Beach,myubc.org,1,0,1,0.00%,2,0:00:08,0.00%,0,$0.00 ,20180902
Richlands,(direct),1,0,1,0.00%,3,0:00:47,0.00%,0,$0.00 ,20180902
Richlands,myubc.org,1,0,1,0.00%,2,0:18:57,0.00%,0,$0.00 ,20180902
Saxapahaw,(direct),1,0,1,100.00%,1,0:00:00,0.00%,0,$0.00 ,20180902
Spokane Valley,(direct),1,0,1,100.00%,1,0:00:00,0.00%,0,$0.00 ,20180902
,,408,165,542,45.94%,2.42,0:04:26,0.00%,0,$0.00 ,20180902
(not set),(direct),3,1,3,66.67%,1.67,0:04:10,0.00%,0,$0.00 ,20180909
Huntsville,(direct),1,1,1,100.00%,1,0:00:00,0.00%,0,$0.00 ,20180909
Washington,(direct),1,1,1,100.00%,1,0:00:00,0.00%,0,$0.00 ,20180909
Miami,(direct),1,1,1,0.00%,2,0:03:05,0.00%,0,$0.00 ,20180909
Atlanta,(direct),4,2,4,50.00%,1.75,0:02:04,0.00%,0,$0.00 ,20180909
Schiller Park,(direct),1,1,2,50.00%,2,0:00:22,0.00%,0,$0.00 ,20180909
Hyattsville,(direct),1,0,1,0.00%,2,0:00:10,0.00%,0,$0.00 ,20180909
Burlington,(direct),1,1,1,100.00%,1,0:00:00,0.00%,0,$0.00 ,20180909
Cary,(direct),4,4,4,75.00%,1.25,0:00:05,0.00%,0,$0.00 ,20180909
Charlotte,(direct),12,5,14,57.14%,2.07,0:03:51,0.00%,0,$0.00 ,20180909
Concord,(direct),1,1,1,0.00%,3,0:01:43,0.00%,0,$0.00 ,20180909
Durham,(direct),40,14,55,58.18%,2,0:02:10,0.00%,0,$0.00 ,20180909
Fayetteville,(direct),1,1,1,100.00%,1,0:00:00,0.00%,0,$0.00 ,20180909
Franklin,(direct),4,1,4,25.00%,1.75,0:04:14,0.00%,0,$0.00 ,20180909
Hickory,(direct),1,0,1,0.00%,2,0:28:37,0.00%,0,$0.00 ,20180909
Marion,(direct),1,0,1,100.00%,1,0:00:00,0.00%,0,$0.00 ,20180909
Oxford,(direct),1,0,2,100.00%,1,0:00:00,0.00%,0,$0.00 ,20180909
Pittsboro,(direct),1,0,1,100.00%,1,0:00:00,0.00%,0,$0.00 ,20180909
Raleigh,(direct),9,2,11,63.64%,1.82,0:03:34,0.00%,0,$0.00 ,20180909
Rocky Mount,(direct),1,1,1,100.00%,1,0:00:00,0.00%,0,$0.00 ,20180909
Sylva,(direct),2,1,2,100.00%,1,0:00:00,0.00%,0,$0.00 ,20180909
Winston-Salem,(direct),2,0,2,50.00%,3.5,0:00:48,0.00%,0,$0.00 ,20180909
New York,(direct),2,2,2,50.00%,1.5,0:01:04,0.00%,0,$0.00 ,20180909
Philadelphia,(direct),1,0,1,100.00%,1,0:00:00,0.00%,0,$0.00 ,20180909
Providence,(direct),1,1,1,0.00%,5,0:07:57,0.00%,0,$0.00 ,20180909
Blythewood,(direct),1,0,1,0.00%,2,0:01:03,0.00%,0,$0.00 ,20180909
Columbia,(direct),1,0,1,0.00%,3,0:00:38,0.00%,0,$0.00 ,20180909
Myrtle Beach,(direct),2,0,2,100.00%,1,0:00:00,0.00%,0,$0.00 ,20180909
Norfolk,(direct),2,1,4,25.00%,2.75,0:02:01,0.00%,0,$0.00 ,20180909
Roodepoort,(direct),1,1,1,100.00%,1,0:00:00,0.00%,0,$0.00 ,20180909
Lusaka,(direct),1,0,2,0.00%,2.5,0:09:13,0.00%,0,$0.00 ,20180909
Friendly,(direct),1,0,1,0.00%,2,0:00:04,0.00%,0,$0.00 ,20180909
Panthersville,(direct),1,1,2,100.00%,1,0:00:00,0.00%,0,$0.00 ,20180909
Port Wentworth,(direct),1,1,1,100.00%,1,0:00:00,0.00%,0,$0.00 ,20180909
West Springfield,(direct),1,0,1,0.00%,5,0:07:18,0.00%,0,$0.00 ,20180909
Clayton,bing,1,0,1,0.00%,3,0:05:51,0.00%,0,$0.00 ,20180909
Black Mountain,bing,1,0,2,50.00%,1.5,0:00:31,0.00%,0,$0.00 ,20180909
Cashiers,bing,1,0,5,80.00%,1.2,0:00:05,0.00%,0,$0.00 ,20180909
Creedmoor,bing,1,0,1,100.00%,1,0:00:00,0.00%,0,$0.00 ,20180909
Durham,bing,9,5,9,66.67%,1.56,0:04:53,0.00%,0,$0.00 ,20180909
Hillsborough,bing,1,1,1,100.00%,1,0:00:00,0.00%,0,$0.00 ,20180909
Marion,bing,1,0,1,100.00%,1,0:00:00,0.00%,0,$0.00 ,20180909
Raleigh,bing,3,0,8,75.00%,1.25,0:00:37,0.00%,0,$0.00 ,20180909
Providence,bing,1,0,1,100.00%,1,0:00:00,0.00%,0,$0.00 ,20180909
Andrews,bing,1,0,1,100.00%,1,0:00:00,0.00%,0,$0.00 ,20180909
Durham,dnserrorassist.att.net,1,1,1,100.00%,1,0:00:00,0.00%,0,$0.00 ,20180909
(not set),google,1,1,1,100.00%,1,0:00:00,0.00%,0,$0.00 ,20180909
Saint-Brieuc,google,1,1,1,100.00%,1,0:00:00,0.00%,0,$0.00 ,20180909
Huntsville,google,1,1,2,0.00%,4,0:07:47,0.00%,0,$0.00 ,20180909
Corona,google,1,1,1,100.00%,1,0:00:00,0.00%,0,$0.00 ,20180909
Washington,google,1,0,1,100.00%,1,0:00:00,0.00%,0,$0.00 ,20180909
Tallahassee,google,1,1,2,100.00%,1,0:00:00,0.00%,0,$0.00 ,20180909
Atlanta,google,3,1,4,75.00%,2,0:08:39,0.00%,0,$0.00 ,20180909
Cary,google,1,0,2,100.00%,1,0:00:00,0.00%,0,$0.00 ,20180909
Chapel Hill,google,2,0,4,75.00%,1.25,0:00:22,0.00%,0,$0.00 ,20180909
Charlotte,google,15,3,28,71.43%,1.79,0:02:01,0.00%,0,$0.00 ,20180909
Cornelius,google,1,1,1,100.00%,1,0:00:00,0.00%,0,$0.00 ,20180909
Durham,google,61,33,68,64.71%,1.81,0:03:16,0.00%,0,$0.00 ,20180909
Franklin,google,2,0,2,50.00%,1.5,0:07:19,0.00%,0,$0.00 ,20180909
Greensboro,google,1,0,1,100.00%,1,0:00:00,0.00%,0,$0.00 ,20180909
Henderson,google,1,1,1,100.00%,1,0:00:00,0.00%,0,$0.00 ,20180909
Hillsborough,google,1,0,1,100.00%,1,0:00:00,0.00%,0,$0.00 ,20180909
Jacksonville,google,1,0,1,100.00%,1,0:00:00,0.00%,0,$0.00 ,20180909
Raleigh,google,15,5,20,75.00%,1.55,0:02:08,0.00%,0,$0.00 ,20180909
Timberlake,google,1,1,2,100.00%,1,0:00:00,0.00%,0,$0.00 ,20180909
Wake Forest,google,1,1,1,100.00%,1,0:00:00,0.00%,0,$0.00 ,20180909
Warrenton,google,1,1,1,100.00%,1,0:00:00,0.00%,0,$0.00 ,20180909
Wendell,google,1,0,1,100.00%,1,0:00:00,0.00%,0,$0.00 ,20180909
Winston-Salem,google,1,0,1,100.00%,1,0:00:00,0.00%,0,$0.00 ,20180909
Omaha,google,1,1,1,100.00%,1,0:00:00,0.00%,0,$0.00 ,20180909
New York,google,1,0,1,0.00%,3,0:13:04,0.00%,0,$0.00 ,20180909
Newburgh,google,1,0,2,50.00%,1.5,0:00:11,0.00%,0,$0.00 ,20180909
Cincinnati,google,1,0,1,100.00%,1,0:00:00,0.00%,0,$0.00 ,20180909
Columbus,google,1,1,1,0.00%,4,0:06:07,0.00%,0,$0.00 ,20180909
Gainesville,google,1,0,1,0.00%,5,0:01:53,0.00%,0,$0.00 ,20180909
Hampton,google,1,0,2,50.00%,1.5,0:01:07,0.00%,0,$0.00 ,20180909
Virginia Beach,google,1,0,1,0.00%,2,0:07:45,0.00%,0,$0.00 ,20180909
Wake Forest,m.facebook.com,1,0,1,100.00%,1,0:00:00,0.00%,0,$0.00 ,20180909
Pittsburgh,m.facebook.com,1,0,1,100.00%,1,0:00:00,0.00%,0,$0.00 ,20180909
(not set),myubc.org,1,1,1,0.00%,2,0:01:28,0.00%,0,$0.00 ,20180909
Saint-Brieuc,myubc.org,1,0,1,100.00%,1,0:00:00,0.00%,0,$0.00 ,20180909
Birmingham,myubc.org,1,1,1,0.00%,2,0:00:04,0.00%,0,$0.00 ,20180909
Huntsville,myubc.org,1,0,1,0.00%,3,0:04:55,0.00%,0,$0.00 ,20180909
Ontario,myubc.org,1,0,1,0.00%,2,0:00:03,0.00%,0,$0.00 ,20180909
Clayton,myubc.org,1,0,1,0.00%,10,0:07:43,0.00%,0,$0.00 ,20180909
Atlanta,myubc.org,3,0,4,75.00%,2,0:05:45,0.00%,0,$0.00 ,20180909
Chicago,myubc.org,1,1,1,0.00%,2,0:00:36,0.00%,0,$0.00 ,20180909
Black Mountain,myubc.org,1,0,1,100.00%,1,0:00:00,0.00%,0,$0.00 ,20180909
Burnsville,myubc.org,1,0,1,0.00%,2,0:00:08,0.00%,0,$0.00 ,20180909
Cary,myubc.org,1,0,1,0.00%,6,0:15:33,0.00%,0,$0.00 ,20180909
Chapel Hill,myubc.org,1,0,2,50.00%,1.5,0:00:02,0.00%,0,$0.00 ,20180909
Charlotte,myubc.org,17,8,24,20.83%,2.5,0:04:48,0.00%,0,$0.00 ,20180909
Clayton,myubc.org,3,2,3,0.00%,3.67,0:05:41,0.00%,0,$0.00 ,20180909
Creedmoor,myubc.org,1,0,2,0.00%,4,0:11:26,0.00%,0,$0.00 ,20180909
Durham,myubc.org,48,16,57,17.54%,3.7,0:06:02,0.00%,0,$0.00 ,20180909
Efland,myubc.org,1,1,1,0.00%,3,0:04:55,0.00%,0,$0.00 ,20180909
Fayetteville,myubc.org,1,1,1,0.00%,4,0:22:28,0.00%,0,$0.00 ,20180909
Franklin,myubc.org,4,3,5,0.00%,2.2,0:00:18,0.00%,0,$0.00 ,20180909
Greensboro,myubc.org,2,2,2,0.00%,3,0:10:48,0.00%,0,$0.00 ,20180909
Hillsborough,myubc.org,2,1,2,0.00%,2.5,0:01:29,0.00%,0,$0.00 ,20180909
Mebane,myubc.org,3,0,3,0.00%,2.33,0:00:53,0.00%,0,$0.00 ,20180909
Raleigh,myubc.org,7,2,9,33.33%,2.11,0:02:55,0.00%,0,$0.00 ,20180909
Salisbury,myubc.org,1,1,1,0.00%,3,0:01:14,0.00%,0,$0.00 ,20180909
Sylva,myubc.org,2,1,2,0.00%,2,0:02:04,0.00%,0,$0.00 ,20180909
Winston-Salem,myubc.org,1,0,2,50.00%,2.5,0:01:51,0.00%,0,$0.00 ,20180909
Mount Vernon,myubc.org,1,1,1,0.00%,2,0:00:04,0.00%,0,$0.00 ,20180909
Cincinnati,myubc.org,1,1,1,0.00%,2,0:00:09,0.00%,0,$0.00 ,20180909
Columbus,myubc.org,1,0,1,0.00%,2,0:00:21,0.00%,0,$0.00 ,20180909
Myrtle Beach,myubc.org,2,2,2,0.00%,2,0:00:41,0.00%,0,$0.00 ,20180909
Norfolk,myubc.org,2,1,2,0.00%,4,0:06:16,0.00%,0,$0.00 ,20180909
Rocky Mount,outlook.live.com,1,1,1,100.00%,1,0:00:00,0.00%,0,$0.00 ,20180909
Black Mountain,yahoo,1,0,1,0.00%,6,0:03:47,0.00%,0,$0.00 ,20180909
Chapel Hill,yahoo,1,0,2,0.00%,7.5,0:13:25,0.00%,0,$0.00 ,20180909
Durham,yahoo,5,2,7,71.43%,1.86,0:03:20,0.00%,0,$0.00 ,20180909
Efland,yahoo,1,1,1,100.00%,1,0:00:00,0.00%,0,$0.00 ,20180909
Raleigh,yahoo,2,1,2,50.00%,2,0:00:58,0.00%,0,$0.00 ,20180909
Winston-Salem,yahoo,1,0,1,100.00%,1,0:00:00,0.00%,0,$0.00 ,20180909
,,381,157,476,51.47%,2.16,0:03:12,0.00%,0,$0.00 ,20180909
